Organization Name,Networks Shared With Me,Networks I'm Sharing
Ocilla GA PD,Ocilla GA PD,Lumpkin County SO (GA)
Sparta GA PD,Sparta GA PD,Lumpkin County SO (GA)
Sale City GA PD ,"Sale City GA PD,Sale City GA PD (Flex) ",Lumpkin County SO (GA)
Houston County GA District Attorney's Office,"Houston County, Georgia",Lumpkin County SO (GA)
Ben Hill County GA SO,Ben Hill County SO (GA),Lumpkin County SO (GA)
Echols County GA SO,Echols County GA SO,Lumpkin County SO (GA)
Garden City GA PD,Garden City GA PD,Lumpkin County SO (GA)
Wilkinson County GA SO,Wilkinson County GA SO,Lumpkin County SO (GA)
Treasure Island FL PD,Treasure Island FL PD,
Irwin County GA SO,Irwin County GA SO,Lumpkin County SO (GA)
Ludowici GA PD,"Ludowici GA PD Condor,City of Ludowici",Lumpkin County SO (GA)
Dawson GA PD,Dawson GA PD ,Lumpkin County SO (GA)
Tybee Island GA PD,Tybee Island GA PD,Lumpkin County SO (GA)
Alachua FL PD,Alachua FL PD (FLEX),
McIntyre GA PD,"McIntyre GA PD,McIntyre GA PD (Condor)",Lumpkin County SO (GA)
Waycross GA PD,Waycross GA PD,Lumpkin County SO (GA)
Milledgeville GA PD,Milledgeville GA PD,Lumpkin County SO (GA)
Evans County GA SO,Evans County GA SO,Lumpkin County SO (GA)
Griffin GA PD,"Griffin GA PD - Falcon,Griffin GA PD - Flex",Lumpkin County SO (GA)
Houston County GA SO,"Houston County GA SO,Houston County GA SO Flex",Lumpkin County SO (GA)
Peach County GA SO ,"Peach County GA SO ,Peach County GA SO (FLEX) ",Lumpkin County SO (GA)
Georgia Southern University PD (GA),Georgia Southern University PD (GA),Lumpkin County SO (GA)
Burke County GA SO,Burke County GA SO,Lumpkin County SO (GA)
Effingham County GA SO,Effingham County SO (GA),Lumpkin County SO (GA)
West Point GA PD,West Point PD (GA),Lumpkin County SO (GA)
Mitchell County GA SO,Mitchell County GA SO,Lumpkin County SO (GA)
Hamilton GA,Hamilton GA - Redspeed,Lumpkin County SO (GA)
Chatham County GA SO,Chatham County GA SO,Lumpkin County SO (GA)
Metter GA PD,Metter GA PD,Lumpkin County SO (GA)
Pike County GA SO,Pike County GA SO,Lumpkin County SO (GA)
Sylvania GA PD,Sylvania GA PD,Lumpkin County SO (GA)
Middle Georgia State University Campus PD,Middle Georgia State University Campus PD,Lumpkin County SO (GA)
Douglas GA PD,Douglas GA PD,Lumpkin County SO (GA)
Homerville GA PD,"Homerville GA PD,Homerville GA PD - Wing Redspeed",Lumpkin County SO (GA)
Lyons GA PD,Lyons GA PD,Lumpkin County SO (GA)
Brantley County GA SO,Brantley County GA SO,Lumpkin County SO (GA)
Valdosta State University GA PD,Valdosta State Univ GA PD,Lumpkin County SO (GA)
Woodbury GA PD,Woodbury GA PD,Lumpkin County SO (GA)
Upson County GA SO,Upson County GA SO,Lumpkin County SO (GA)
Port Wentworth GA PD,"Port Wentworth GA PD (Ravens),Port Wentworth GA",Lumpkin County SO (GA)
Hogansville GA PD,Hogansville GA PD,Lumpkin County SO (GA)
Long County GA SO,Long County GA SO,Lumpkin County SO (GA)
Wrens GA PD,Wrens GA PD - RedSpeed,Lumpkin County SO (GA)
Muscogee County GA SO,Muscogee County GA SO,Lumpkin County SO (GA)
Manchester GA PD,Manchester GA PD,Lumpkin County SO (GA)
Georgia Bureau of Investigation (GBI),Georgia Bureau of Investigation,Lumpkin County SO (GA)
Fayette County GA SO,Fayette County GA SO,Lumpkin County SO (GA)
Palm Beach FL PD,,Lumpkin County SO (GA)
Broward County FL SO,,Lumpkin County SO (GA)
Bradford County FL SO,,Lumpkin County SO (GA)
Adel GA PD ,,Lumpkin County SO (GA)
Vero Beach FL PD,,Lumpkin County SO (GA)
Okeechobee County FL SO,,Lumpkin County SO (GA)
Melbourne FL PD,,Lumpkin County SO (GA)
St. Lucie County FL SO,,Lumpkin County SO (GA)
Fort Lauderdale FL PD ,,Lumpkin County SO (GA)
Alma GA PD,,Lumpkin County SO (GA)
Childersburg AL PD,,Lumpkin County SO (GA)
GA - Atkinson County SO,,Lumpkin County SO (GA)
Gulf Stream FL PD,,Lumpkin County SO (GA)
Indialantic FL PD,,Lumpkin County SO (GA)
Whitesburg GA PD,,Lumpkin County SO (GA)
Auburn AL PD,,Lumpkin County SO (GA)
Stillmore GA PD,,Lumpkin County SO (GA)
Colleton County SO (SC),,Lumpkin County SO (GA)
Cross City FL PD,,Lumpkin County SO (GA)
Turin GA PD,,Lumpkin County SO (GA)
Tarrant AL PD,Tarrant AL PD,
Valdosta GA PD,,Lumpkin County SO (GA)
Dawson County GA SO,Dawson County GA SO,Lumpkin County SO (GA)
Pittsboro IN PD,Pittsboro IN PD,Lumpkin County SO (GA)
Carrollton GA PD,"Carrollton GA PD,Carrollton GA PD - Wing Live,Carrollton PD (GA) Flex,Carrollton GA PD Raven,Carrollton GA PD Live View/PTZ",Lumpkin County SO (GA)
Crawford County IN SO,Crawford County IN SO,
Austell GA PD,Austell GA PD,Lumpkin County SO (GA)
Hardin County KY SO,Hardin County KY SO,Lumpkin County SO (GA)
Stephens County GA SO,Stephens County GA SO,Lumpkin County SO (GA)
Morgan County GA SO,"Morgan County Board of Commissioners (GA),Morgan County GA - Wing LVI,Morgan County GA SO,Morgan County Board of Commissioners (GA) Flex",Lumpkin County SO (GA)
Clarkston GA PD,Clarkston GA PD,Lumpkin County SO (GA)
Morehouse College GA PD,Morehouse College GA PD,Lumpkin County SO (GA)
Bartlett TN PD,Bartlett TN PD,
Eatonton GA PD,"Eatonton GA PD,Eatonton GA PD Condor",Lumpkin County SO (GA)
Pooler GA PD,Pooler GA PD,Lumpkin County SO (GA)
Chambers County AL SO,Chambers County AL SO,Lumpkin County SO (GA)
Colquitt County GA SO,"Colquitt County GA SO (Flex),Colquitt County GA SO",Lumpkin County SO (GA)
McCaysville GA PD,McCaysville GA PD,Lumpkin County SO (GA)
Mint Hill NC PD,Mint Hill NC PD,Lumpkin County SO (GA)
Fort Worth TX PD ,"Fort Worth TX PD - Milestone Live PTZ,Fort Worth TX PD,Fort Worth TX PD - Las Vegas Trail,Fort Worth TX PD - Wing LVT,Fort Worth TX PD PID #11 Stockyards,Fort Worth TX PD - PID 7 Heritage,East Lancaster PID,Sun Valley PID,Fort Worth Code Compliance,Fort Worth TX PD Wing LPR Cameras (Q1700)",Lumpkin County SO (GA)
Georgia Tech GA PD,"Georgia Tech GA PD,Georgia Tech GA PD (FLEX) ",Lumpkin County SO (GA)
Madison GA PD,"Madison GA PD (Flex),Madison GA PD",Lumpkin County SO (GA)
Houston TX PD,"Houston PD (TX) – Uptown Houston MgmtD,Houston PD (TX) – Flex Cams,Houston PD (TX) – Southwest MgmtD,Houston PD (TX) – Spring Branch MgmtD,Houston PD (TX) – Gulfton MgmtD,Houston PD (TX) – Brays Oaks MgmtD,Houston PD (TX) – International MgmtD,Houston PD (TX)",Lumpkin County SO (GA)
Marietta GA PD,"Marietta GA  - FlockOS Live Video,Marietta GA PD - Condor,Marietta GA PD - Falcon,Marietta GA PD - Raven,Marietta GA PD - Flex",Lumpkin County SO (GA)
Hartwell GA PD,Hartwell GA PD,
Hapeville GA PD,Hapeville GA PD,Lumpkin County SO (GA)
McIntosh County GA SO  ,"McIntosh County (GA) (Condors),McIntosh County GA SO ",Lumpkin County SO (GA)
Rincon GA PD,Rincon GA PD,Lumpkin County SO (GA)
Jonesboro GA PD,"Jonesboro GA PD - Redspeed,Jonesboro GA PD",Lumpkin County SO (GA)
Missouri Department of Public Safety,Missouri Department of Public Safety,
Vandalia OH PD,Vandalia OH PD,Lumpkin County SO (GA)
Westlake OH PD,Westlake OH PD,
Milton GA PD,"Milton GA PD,Milton GA PD (Flex)",Lumpkin County SO (GA)
University of North Georgia PD (GA),"University of North Georgia PD (Raven) ,University of North Georgia PD Flex,University of North Georgia ",Lumpkin County SO (GA)
Alpharetta GA PD,"Alpharetta GA PD,Alpharetta GA PD - RedSpeed",Lumpkin County SO (GA)
Department of Natural Resources - GA,Georgia Department of Natural Resources (Falcon Flex),Lumpkin County SO (GA)
Fish and Wildlife Commission FL PD,"Fish and Wildlife Commission FL PD,FL - Florida Fish & Wildlife Wing",Lumpkin County SO (GA)
Laurel Park NC PD,Laurel Park NC PD,Lumpkin County SO (GA)
University of Georgia GA PD,University of Georgia GA PD ,Lumpkin County SO (GA)
Oak Ridge TN PD ,Oak Ridge TN PD,Lumpkin County SO (GA)
Blackshear GA PD,"Blackshear GA PD,Blackshear GA PD - Raven",Lumpkin County SO (GA)
Ancient City Capital,"FOUNTAIN CITY APARTMENTS LLC (GA),HHF - McDaniels Street (GA),Patriot Grove (MS),AHPC Orchard Park 2021 LLC (SC) ,PSG Vesta Derby Oaks LLC (KY),Bern-Mas (LA),Iberia South (LA),AHPC TROPICAL RIDGE APARTMENTS LLC,The Cove at NOLA (LA),2018 IAVF PRAIRIE VIEW LLC (IL),Regency Woods (MS),PSG Pine Forest Park (TX),Kingston Point (LA),Crestview at Cordova (FL) ,AHPC PROSPER FAIRWAYS APARTMENTS LLC (SC) ,Autumn Trace Apts (MS),Patriot Plaza (FL),AHPC Cordova Regency (FL) ,AHPC Inverness Lakes 2021 LLC (AL),Beacon Pointe (MS),Bandywood (MS),ALPINE APARTMENT HOMES LLC (GA),Sunset on the Bayou (AL),AHPC Plantations at Pine Lake (FL),AHPC Lakeview at Cottage Hill 2021 LLC (AL),The Rubix (Patriot Suites) (NV),AHPC Hub Tallahassee LLC (Ocala Rd) (FL),Village Hills Apartments (WV),Gardenia Grove (MS),Greenbrier Apartments (WV),AHPC Verandas at Rocky Ridge 2021 LLC (AL),2018 IAVF TIMBER OAKS LLC (IL),AHPC Terraces at Fieldstone Apartments LLC (GA),AHPC Vista Towers 2021 LLC (SC),AHPC PARKS AT RIVERCREST LLC (SC),Brookwood Apartments (LA),MILLENNIA JAX 2021 LLC (FL),Social 1600 (FL),Patriot Grove,Eban Village (TX),Granada Square (MS),AHPC SOCIAL TALLAHASSEE LLC (FL)",
Fannin County GA SO,"Fannin County GA SO,Fannin County GA SO (FLEX) ",Lumpkin County SO (GA)
Sumter County GA SO ,"Sumter County GA School District ,Sumter County GA SO",Lumpkin County SO (GA)
Chamblee GA PD,"Chamblee GA PD - Redspeed,Chamblee GA PD (Condor),Chamblee GA PD,Chamblee GA PD - Wing",Lumpkin County SO (GA)
Columbia County GA SO,Columbia County GA SO,Lumpkin County SO (GA)
Rockdale County GA SO,"Rockdale County GA SO,Rockdale County GA SO (Condor)",Lumpkin County SO (GA)
Troup County GA SO,Troup County GA SO,Lumpkin County SO (GA)
Cheatham County TN SO,Cheatham County TN SO,Lumpkin County SO (GA)
Hall County GA SO,"Hall CO GA SO - Wing LVI,Hall County GA SO (Flex),Hall County GA SO - Wing LVI,Hall County GA SO",Lumpkin County SO (GA)
Mason PD - OH,Mason OH PD,Lumpkin County SO (GA)
Atlanta GA PD,"Atlanta GA PD (LR) ,Atlanta GA PD - Genetec,Atlanta GA PD (Flex),Atlanta GA PD Airport Division,Atlanta GA PD",Lumpkin County SO (GA)
Monroe County GA SO,Monroe County GA SO,Lumpkin County SO (GA)
Cherokee County GA SO,"Cherokee County GA SO,Cherokee County GA SO (Condor),Cherokee County GA SO (Flex)",Lumpkin County SO (GA)
Huntsville AL PD,Huntsville AL PD,Lumpkin County SO (GA)
Johns Creek GA PD,"Johns Creek GA PD,Johns Creek GA PD - Traffic Cams -Gateway,Johns Creek GA PD - Avigilon Cams",Lumpkin County SO (GA)
Jasper County GA SO,"Jasper County GA SO,Jasper County GA SO (FLEX)",Lumpkin County SO (GA)
Franklin IN PD,"Franklin IN PD (Flex),Franklin IN PD",Lumpkin County SO (GA)
Euharlee GA PD,"Euharlee GA PD,Euharlee GA PD (Condor)",Lumpkin County SO (GA)
GA - Georgia Piedmont Technical College ,"GA - Georgia Piedmont Technical College (RAVEN),Georgia Piedmont Technical College Campus PD ",Lumpkin County SO (GA)
Jones County SO - GA,"Jones County GA SO (Condor),Jones County GA SO Flex,Jones County GA SO",Lumpkin County SO (GA)
Blakely GA PD,"Blakely GA PD,Blakely GA PD (Flex)",Lumpkin County SO (GA)
Davie County NC SO,Davie County NC SO,Lumpkin County SO (GA)
Snellville GA PD,"Snellville GA PD,Snellville GA PD (RedSpeed)",Lumpkin County SO (GA)
Calera AL PD,Calera AL PD,
Crisp County GA SO,"GA-Crisp County SO Wing,Crisp County GA SO Condor,Crisp County GA SO",Lumpkin County SO (GA)
Carroll County GA SO,Carroll County GA SO,Lumpkin County SO (GA)
Spartanburg County SC SO,Spartanburg County SC SO (Flex),Lumpkin County SO (GA)
Cullman County AL SO,Cullman County SO (AL),Lumpkin County SO (GA)
Monon IN PD,Monon IN PD,Lumpkin County SO (GA)
Dublin GA PD,Dublin GA PD,Lumpkin County SO (GA)
Chatham-Savannah Counter Narcotics Team,CNT Flex,Lumpkin County SO (GA)
Warner Robins GA PD,"Warner Robins PD (GA) - Flex,Warner Robins GA PD - Wing (Redspeed),Warner Robins GA PD",Lumpkin County SO (GA)
Augusta University GA PD ,"Augusta University GA PD ,Augusta University GA PD (FLEX)",Lumpkin County SO (GA)
Craven County NC SO,Craven County NC SO,Lumpkin County SO (GA)
Dyersburg TN PD,Dyersburg TN PD,
Roswell GA PD,"Roswell GA PD (Flex),Roswell GA PD,Roswell GA PD - (RedSpeed),Roswell GA Wing ",Lumpkin County SO (GA)
Lake City GA PD,"Lake City GA PD,Lake City GA PD (Wing) ",Lumpkin County SO (GA)
Gilmer County GA SO,"Gilmer County GA SO ,Gilmer County GA SO (Live Video) ",Lumpkin County SO (GA)
Watkinsville GA PD,Watkinsville GA PD,Lumpkin County SO (GA)
Fairfield County SC SO,"Fairfield County SC SO,Fairfield County SC SO (Flex)",
Escambia County FL SO,Escambia County FL SO ,Lumpkin County SO (GA)
Franklin County GA SO,Franklin County GA SO,Lumpkin County SO (GA)
Commerce GA PD,Commerce GA PD,Lumpkin County SO (GA)
Clayton County GA PD,"Clayton County GA PD,Clayton County GA PD (Redspeed)",Lumpkin County SO (GA)
Sugar Hill GA PD,"Sugar Hill GA PD,Sugar Hill GA PD (Flex)",Lumpkin County SO (GA)
Perry GA PD,"Perry GA PD (Flex),Perry GA PD - Redspeed,Perry GA PD",Lumpkin County SO (GA)
Brookhaven GA PD,"Brookhaven GA PD (Falcon),Brookhaven Parks (GA)",Lumpkin County SO (GA)
Bryan County GA SO,Bryan County GA SO,Lumpkin County SO (GA)
Louisville OH PD,Louisville OH PD,Lumpkin County SO (GA)
Claxton GA PD,Claxton GA PD,Lumpkin County SO (GA)
Southaven MS PD,Southaven MS PD,
Forest Park GA PD,"Forest Park GA PD - Redspeed,Forest Park GA PD",Lumpkin County SO (GA)
Maryville TN PD,Maryville TN PD,Lumpkin County SO (GA)
Montezuma GA PD,Montezuma GA PD,Lumpkin County SO (GA)
Lancaster County SC SO ,"Lancaster County SC SO,Lancaster County SC SO (Flex)",Lumpkin County SO (GA)
Smyrna GA PD,"Smyrna GA PD,Smyrna GA PD (Flex)",Lumpkin County SO (GA)
West Lafayette IN PD,West Lafayette IN PD,Lumpkin County SO (GA)
Dream Finders Home (GA),"Stonewall Station (GA),Creekbend Overlook (GA),Fern Dale (GA),Harris Creek (GA)",
Niles OH PD,"Niles OH PD,Niles OH PD (CONDOR)",
East Georgia State College Campus PD (GA),East Georgia State College Campus PD (GA),Lumpkin County SO (GA)
Rock Hill SC PD,Rock Hill SC PD,Lumpkin County SO (GA)
University of Louisville KY PD,University of Louisville KY PD,
Horry County SC PD,Horry County SC PD,
Elizabethton TN PD,Elizabethton TN PD,
Little Rock AR PD,Little Rock AR PD,Lumpkin County SO (GA)
DeKalb County GA PD,"Gresham Park Rec Center - Avigilon,DeKalb County GA PD (GSD),DeKalb County PD Parks - LPR,Dekalb County GA PD - LPR",Lumpkin County SO (GA)
Pickens County GA SO,"Pickens County GA SO,Pickens County GA SO - Redspeed,Pickens County GA SO (FLEX) ",Lumpkin County SO (GA)
Hendersonville NC PD,Hendersonville NC PD,Lumpkin County SO (GA)
Seminole County GA SO,Seminole County GA SO,Lumpkin County SO (GA)
Warrick County IN SO,Warrick Co IN SO,Lumpkin County SO (GA)
Belmont NC PD,Belmont NC PD,Lumpkin County SO (GA)
Towns County GA SO ,Towns County GA SO ,Lumpkin County SO (GA)
Hamilton County IN SO,"Hamilton County IN SO (Flex),Hamilton County IN SO (Community Cameras),Hamilton County IN SO (Condors),Hamilton County IN SO (Trailers)",Lumpkin County SO (GA)
Bay County FL SO,Bay County FL SO,Lumpkin County SO (GA)
Greenville County SC SO,Greenville County SC SO,Lumpkin County SO (GA)
Collier County FL SO,Collier County FL SO,
Anderson IN PD,"Anderson IN PD,Anderson IN PD (Raven)",Lumpkin County SO (GA)
Adrian MI PD,Adrian MI PD,Lumpkin County SO (GA)
Doraville GA PD,"Doraville GA PD (Condor),Doraville GA PD,Doraville GA PD (Raven)",Lumpkin County SO (GA)
Bulloch County GA SO,Bulloch County GA SO ,Lumpkin County SO (GA)
Meriwether County GA SO,"Meriwether County GA SO,Meriwether County GA SO (FLEX) ",Lumpkin County SO (GA)
Jefferson County TN SO,Jefferson County TN SO,
Bargersville IN PD,Bargersville IN PD,
Brooklet GA PD,Brooklet GA PD,Lumpkin County SO (GA)
Genoa Township OH PD ,Genoa Township OH PD,
Oakland TN PD,Oakland TN PD,
Leesburg GA PD,"Leesburg GA PD,Leesburg GA PD - redspeed",Lumpkin County SO (GA)
Covington GA PD,"Covington GA PD,Covington Housing Authority ",Lumpkin County SO (GA)
Newton County MS SO,Newton County MS SO,Lumpkin County SO (GA)
Acworth GA PD,"Acworth GA PD,Acworth GA PD (Flex)",Lumpkin County SO (GA)
Woodstock GA PD,"Woodstock GA PD - Wing (RedSpeed),Woodstock GA PD",Lumpkin County SO (GA)
McDuffie County GA SO,McDuffie County GA SO,Lumpkin County SO (GA)
Henderson KY PD,Henderson KY PD,Lumpkin County SO (GA)
Henderson County KY SO,"Henderson County KY SO,Henderson County KY SO (Flex)",Lumpkin County SO (GA)
Georgia State University GA PD,"Georgia State University GA PD - Raven,Georgia State University GA PD",Lumpkin County SO (GA)
Town of Rutherford College (NC),Town of Rutherford College (NC),
Oxford GA PD,Oxford GA PD,Lumpkin County SO (GA)
Walton County GA SO,"Walton County GA SO,Walton County GA SO (Flex)",Lumpkin County SO (GA)
Lexington TN PD,Lexington TN PD,
Titusville FL PD,Titusville FL PD,Lumpkin County SO (GA)
Hancock County GA SO,Hancock County GA SO,Lumpkin County SO (GA)
Greer SC PD,Greer SC PD,Lumpkin County SO (GA)
Florence KY PD,Florence KY PD,
Marion IN PD,"Marion IN PD,Marion IN PD (FLEX)",Lumpkin County SO (GA)
Gwinnett County GA SO,"Gwinnett County Sheriff's Office (GA),Gwinnett County SO - NPF LPR Study (GA)",Lumpkin County SO (GA)
Gadsden County FL SO,"Gadsden County FL SO ,Gadsden County FL SO (Flex)",Lumpkin County SO (GA)
Reynolds GA PD,Reynolds GA PD,Lumpkin County SO (GA)
Gatlinburg TN PD ,Gatlinburg TN PD,Lumpkin County SO (GA)
Lafayette County MS SO,"Lafayette County MS SO,Lafayette County MS SO (Flex)",Lumpkin County SO (GA)
Coolidge GA PD,"Coolidge GA PD (Condor),Coolidge GA PD",Lumpkin County SO (GA)
Decatur GA PD,Decatur GA PD,Lumpkin County SO (GA)
Person County NC SO,"Person County NC SO,Person County NC SO (Flex)",
College Park GA PD,"College Park GA PD - Falcon,College Park PD - Flex",Lumpkin County SO (GA)
Georgia Dept. of Corrections Intelligence Unit (GA),"GA - Georgia Department of Corrections - Alscan,Georgia Department of Corrections (Flex)",Lumpkin County SO (GA)
Festus MO PD,Festus MO PD,
Webster County GA SO,Webster County GA SO,Lumpkin County SO (GA)
McDonough GA PD,"McDonough GA PD,McDonough GA PD - RedSpeed",Lumpkin County SO (GA)
Auburn GA PD ,Auburn GA PD,Lumpkin County SO (GA)
Dekalb County SO (GA),DeKalb County SO (GA),Lumpkin County SO (GA)
Blue Ridge GA PD,"Blue Ridge GA PD,Blue Ridge GA PD (Flex)",Lumpkin County SO (GA)
Elizabethtown KY PD,Elizabethtown KY PD,Lumpkin County SO (GA)
Byron GA PD ,Byron GA PD ,Lumpkin County SO (GA)
Mooresville IN PD,Mooresville IN PD,
Washington County SO - GA ,Washington County GA SO,Lumpkin County SO (GA)
Gwinnett County GA PD,"Gwinnett County GA PD,Gwinnett County GA PD - RedSpeed,Gwinnett County GA PD - Solar Video,Gwinnett County GA PD (LR),Gwinnett County GA PD RedSpd 2",Lumpkin County SO (GA)
Clearwater FL PD,Clearwater FL PD,Lumpkin County SO (GA)
Muscle Shoals AL PD,"Muscle Shoals AL Walmart,Muscle Shoals AL PD",Lumpkin County SO (GA)
Jackson TN PD,"Jackson TN PD,Jackson TN PD (Flex)",
Baker County GA SO,"Baker County GA SO (CONDOR),Baker County GA SO",Lumpkin County SO (GA)
Jackson County GA SO,Jackson County GA SO,Lumpkin County SO (GA)
Helena AL PD,Helena AL PD,Lumpkin County SO (GA)
Lookout Mountain GA PD ,"Lookout Mountain GA PD ,Lookout Mountain GA PD (Condor)",Lumpkin County SO (GA)
Albany GA PD,"Albany GA PD,Albany GA PD Raven,Albany GA PD - Wing LVI (Redspeed),Albany GA PD Condor",Lumpkin County SO (GA)
Town of Hildebran (NC),Town of Hildebran (NC),
Warrensville Heights OH PD,Warrensville Heights OH PD,
Lawrence District Attorney PA,Lawrence District Attorney PA (Flex),
[Federal] US Postal Inspection Service,US Postal Inspection Service - Flex,Lumpkin County SO (GA)
Harris County GA SO,"Harris County GA SO Falcon Flex,Harris County GA SO",Lumpkin County SO (GA)
Sevierville TN PD,Sevierville TN PD,Lumpkin County SO (GA)
Lawrenceville GA PD,"Lawrenceville GA PD - Raven,Lawrenceville GA PD,Lawrenceville GA PD (Flex)",Lumpkin County SO (GA)
Barrow County GA SO,"Barrow County GA SO - Wing Suite,Barrow County GA SO (Falcon),Barrow County GA SO (Condor),Barrow County SO GA (Flex)",Lumpkin County SO (GA)
Bloomingdale GA PD,Bloomingdale GA PD,Lumpkin County SO (GA)
Springdale OH PD,Springdale OH PD,
Baldwin County GA SO,"Baldwin County GA SO (Flex),Baldwin County GA SO,Baldwin County GA SO - RedSpeed",Lumpkin County SO (GA)
Bloomfield NM PD,Bloomfield NM PD,
Forsyth County GA SO,"Forsyth County GA SO,Forsyth County GA SO (Flex)",Lumpkin County SO (GA)
Putnam County GA SO,Putnam County GA SO,Lumpkin County SO (GA)
Medina County OH SO,Medina County OH SO,Lumpkin County SO (GA)
Blairsville GA PD,Blairsville GA PD,Lumpkin County SO (GA)
Lamar County GA SO,"Lamar County SO GA,Lamar County SO GA Flex",Lumpkin County SO (GA)
Henderson County NC SO ,Henderson County NC SO,Lumpkin County SO (GA)
Suwanee GA PD,"Suwanee GA PD - Wing,Suwanee GA PD",Lumpkin County SO (GA)
Dahlonega GA PD,Dahlonega GA PD,Lumpkin County SO (GA)
Carmel IN PD,"Carmel IN PD,Carmel IN PD - Wing LPR",Lumpkin County SO (GA)
Gray GA PD ,"Gray GA PD ,Gray GA PD Condor",Lumpkin County SO (GA)
Henry County IN SO,Henry County IN SO,Lumpkin County SO (GA)
Jefferson County AR SO ,Jefferson County AR SO (Flex Cams) ,
White County GA SO,White County GA SO,Lumpkin County SO (GA)
Green Township OH PD,Green Township OH PD,
Jackson GA PD,Jackson GA PD,Lumpkin County SO (GA)
Monroe GA PD,Monroe GA PD,Lumpkin County SO (GA)
Hiram GA PD,Hiram GA PD,Lumpkin County SO (GA)
Rossford OH PD,Rossford OH PD,
Hardeeville SC PD,Hardeeville SC PD (Flex),
Spartanburg SC PD,"Spartanburg SC PD,Spartanburg SC PD (Flex)",Lumpkin County SO (GA)
Warren OH PD,Warren OH PD,
Louisville Metro KY PD,Louisville Metro KY PD,Lumpkin County SO (GA)
Emerson GA PD,Emerson GA PD,Lumpkin County SO (GA)
Savannah PD - GA ,"Savannah Code Compliance,Savannah GA PD,Savannah GA PD (Flex)",Lumpkin County SO (GA)
Oglethorpe County GA SO,Oglethorpe County GA SO,Lumpkin County SO (GA)
Pierce County GA SO,Pierce County GA SO,Lumpkin County SO (GA)
Thomasville GA PD,"Thomasville GA PD,Thomasville GA PD Raven ",Lumpkin County SO (GA)
Albertville AL PD,Albertville AL PD,
Royston GA PD,Royston GA PD,Lumpkin County SO (GA)
Bibb County SO GA,"Bibb County GA SO ,Bibb County GA SO (LR)",Lumpkin County SO (GA)
Goshen IN PD,Goshen IN PD,Lumpkin County SO (GA)
Greenville SC PD,"GVL Mobile,Greenville SC PD",Lumpkin County SO (GA)
Macon County NC SO,"Macon County NC SO,Macon County NC SO (Flex)",Lumpkin County SO (GA)
Lilburn GA PD,"Lilburn CID,Lilburn GA PD - Redspeed,Lilburn GA PD",Lumpkin County SO (GA)
Powder Springs GA PD,Powder Springs GA PD,Lumpkin County SO (GA)
Shelby County TN SO,"Lakeland TN,Shelby County TN SO,Town of Arlington (TN)",Lumpkin County SO (GA)
Butts County GA SO,"Butts County GA SO - Raven,Butts County GA SO",Lumpkin County SO (GA)
Lake St. Louis MO PD,Lake St. Louis MO PD,Lumpkin County SO (GA)
Millen GA Public Safety Dept ,Millen GA Public Safety Dept ,Lumpkin County SO (GA)
Ferdinand IN PD,Ferdinand IN PD,
Clarksville IN PD,Clarksville PD IN,Lumpkin County SO (GA)
Pigeon Forge TN PD,Pigeon Forge TN PD,Lumpkin County SO (GA)
Senoia GA PD,Senoia GA PD,Lumpkin County SO (GA)
Russellville AL PD,Russellville AL PD,Lumpkin County SO (GA)
Emory University Campus PD GA,"Emory University Campus PD GA,Emory University Campus PD GA (Condor)",Lumpkin County SO (GA)
North County Cooperative MO PD,"City of Dellwood MO - North County Coop MO PD,City of Vinita Park MO - North County Coop MO PD,City of Wellston MO - North County Coop MO PD",Lumpkin County SO (GA)
South Fulton GA PD,South Fulton GA PD,Lumpkin County SO (GA)
Jemison AL PD,Jemison AL PD,Lumpkin County SO (GA)
Duluth GA PD,"Duluth GA PD - RedSpeed,Duluth GA PD",Lumpkin County SO (GA)
Iredell County NC SO,Iredell County NC SO,Lumpkin County SO (GA)
Clayton County GA SO,Clayton County GA SO,Lumpkin County SO (GA)
Greenville GA PD,Greenville GA PD,Lumpkin County SO (GA)
St. Johns County FL SO,"St. Johns County FL SO,St. Johns County FL SO (LR)",Lumpkin County SO (GA)
Buford City Schools GA,"Buford, GA - City Schools",Lumpkin County SO (GA)
Groveport OH PD,Groveport OH PD,
Lake Park GA PD,Lake Park GA PD,Lumpkin County SO (GA)
Eureka MO PD,Eureka MO PD,
Richmond County GA SO,Richmond County GA SO,Lumpkin County SO (GA)
Hendricks County IN SO,Hendricks County IN SO,
Alabama Law Enforcement Agency (ALEA),"Alabama Law Enforcement Agency (ALEA),ALEA",Lumpkin County SO (GA)
Newton County GA SO,"Newton County GA SO Flex,Newton County GA SO",Lumpkin County SO (GA)
Porter County IN SO,Porter County IN SO,
Hiawassee GA PD,Hiawassee GA PD,Lumpkin County SO (GA)
Sherwood AR PD,Sherwood AR PD,Lumpkin County SO (GA)
Lavonia GA PD,Lavonia GA PD,Lumpkin County SO (GA)
Bowdon GA PD,"Bowdon GA PD,Bowdon GA PD (CONDOR)",Lumpkin County SO (GA)
Solon OH PD,Solon OH PD,
Loganville GA PD,Loganville GA PD,Lumpkin County SO (GA)
Clayton NC PD ,"Clayton NC PD,Clayton NC PD (Flex)",
Montevallo AL PD,Montevallo AL PD,
Union County GA SO,Union County GA SO,Lumpkin County SO (GA)
Town of Moreland GA,Town of Moreland GA,Lumpkin County SO (GA)
Dublin OH PD,"Dublin OH PD,Dublin OH PD (FLEX)",Lumpkin County SO (GA)
Hazelwood MO PD,"Hazelwood MO PD,Hazelwood MO PD (Flex)",
Transylvania County NC SO,Transylvania County NC SO,Lumpkin County SO (GA)
Bullitt County KY SO,Bullitt County KY SO,
Shelbyville IN PD ,"Shelbyville IN PD ,Shelbyville IN PD (Flex)",Lumpkin County SO (GA)
Fulton MS PD,Fulton MS PD,
Rome GA PD,Rome GA PD,Lumpkin County SO (GA)
Kennesaw State University GA PD,"Kennesaw State University,Kennesaw State University Raven",Lumpkin County SO (GA)
Plainview TN PD,Plainview TN PD,
Yancey County NC SO,"Yancey County NC SO,Yancey County NC SO (Flex)",Lumpkin County SO (GA)
Springfield OH PD,Springfield OH PD,Lumpkin County SO (GA)
Elgin SC PD,Elgin SC PD,
Bellbrook OH PD ,Bellbrook OH PD,
North Myrtle Beach SC PD,North Myrtle Beach SC PD,
Garrard County KY SO,Garrard County KY SO,Lumpkin County SO (GA)
Dalton GA PD,Dalton GA PD,Lumpkin County SO (GA)
Oakwood GA PD,"Oakwood GA PD,Oakwood GA PD Flex",Lumpkin County SO (GA)
Glasgow KY PD,Glasgow KY PD,Lumpkin County SO (GA)
Decatur County GA SO,Decatur County GA SO,Lumpkin County SO (GA)
Dallas GA PD,Dallas GA PD,Lumpkin County SO (GA)
Richland County SC SO,Richland County SC SO,Lumpkin County SO (GA)
Riverdale GA PD,"Riverdale GA PD - RedSpeed,Riverdale GA PD (Flex),Riverdale GA PD",Lumpkin County SO (GA)
Banks County GA SO,"Banks County GA SO,Banks County GA SO (Flex)",Lumpkin County SO (GA)
St. Louis County MO PD,"City of Black Jack MO - SLCPD,City of Valley Park MO - SLCPD,City of Wildwood MO - SLCPD,City of Fenton MO - SLCPD,City of Pasadena Hills MO - SLCPD,Village of Wilbur Park MO - SLCPD",
Dodge County GA SO,Dodge County GA SO,Lumpkin County SO (GA)
Perry County MO SO,Perry County MO SO,Lumpkin County SO (GA)
Forest Park OH PD,Forest Park OH PD,
Sarasota FL PD,Sarasota FL PD,Lumpkin County SO (GA)
Canton GA PD,Canton GA PD,Lumpkin County SO (GA)
Marion AR PD,"Marion AR PD,Marion AR PD Condor ",
Homewood AL PD,Homewood AL PD*,Lumpkin County SO (GA)
Rockmart GA PD,Rockmart GA PD,Lumpkin County SO (GA)
Peachtree City GA PD,"Peachtree City GA PD,Peachtree City GA PD (Condor)",Lumpkin County SO (GA)
Newton MS PD,Newton MS PD,
Avon IN PD,Avon IN PD,Lumpkin County SO (GA)
Cornelia GA PD,Cornelia GA PD,Lumpkin County SO (GA)
Markle IN PD,Markle IN PD,
Whitestown IN PD,Whitestown IN PD,Lumpkin County SO (GA)
Murray County GA SO,Murray County GA SO,Lumpkin County SO (GA)
Niceville FL PD,Niceville FL PD,Lumpkin County SO (GA)
Greene County GA SO,Greene County GA SO,Lumpkin County SO (GA)
Henry County GA PD,"Henry County GA - Wing LVI (Redspeed),Henry County GA PD - Wing,Henry County GA PD,Henry County GA PD - Condor,Henry County GA PD - Raven",Lumpkin County SO (GA)
Macon County AL SO,Macon County SO AL,
Colbert County AL SO,Colbert County AL SO,
Flowery Branch GA PD,Flowery Branch GA PD,Lumpkin County SO (GA)
Kokomo IN PD,Kokomo IN PD,Lumpkin County SO (GA)
Pickens County SC SO,Pickens County SC SO,Lumpkin County SO (GA)
Dunwoody GA PD,"Dunwoody GA PD,Dunwoody GA PD Flex,Dunwoody PD Wing Gateway Demo V2,Dunwoody GA Parks",Lumpkin County SO (GA)
Glynn County GA PD ,Glynn County GA PD ,Lumpkin County SO (GA)
Cleveland OH Division of Police ,Cleveland OH Division of Police,
Sandy Springs GA PD,"Sandy Springs GA PD Flex,Sandy Springs GA PD",Lumpkin County SO (GA)
Cuyahoga Falls OH PD,"Cuyahoga Falls OH PD (FLEX) ,Cuyahoga Falls OH PD",Lumpkin County SO (GA)
Mount Pleasant SC PD,"Mount Pleasant SC PD,Mount Pleasant SC PD (Flex)",Lumpkin County SO (GA)
Jonesboro AR PD,"Jonesboro AR PD ,Jonesboro AR PD (Flex)",Lumpkin County SO (GA)
Licking County OH SO,"Licking County OH SO (FLEX),Licking County OH SO",Lumpkin County SO (GA)
Calhoun County AL SO,Calhoun County AL SO,Lumpkin County SO (GA)
Pontotoc MS PD,Pontotoc MS PD,Lumpkin County SO (GA)
Statesboro GA PD,"Statesboro GA PD,Statesboro GA PD (Flex),Statesboro GA PD (Raven)",Lumpkin County SO (GA)
Davidson NC PD,"Town of Davidson NC - Wing Live,Davidson NC PD",Lumpkin County SO (GA)
Huron OH PD,Huron OH PD,
Stockbridge GA PD,"Stockbridge GA PD,Stockbridge GA PD (Flex),Stockbridge GA PD - Redspeed",Lumpkin County SO (GA)
Catawba County NC SO,Catawba County NC SO,Lumpkin County SO (GA)
Knox County TN SO,Knox County TN SO,Lumpkin County SO (GA)
Columbus IN PD,Columbus IN PD,Lumpkin County SO (GA)
Perrysburg OH PD,Perrysburg OH PD,Lumpkin County SO (GA)
Richmond Hill GA PD,Richmond Hill GA PD,Lumpkin County SO (GA)
Temple GA PD,Temple GA PD ,Lumpkin County SO (GA)
Lexington SC PD,Lexington SC PD,Lumpkin County SO (GA)
St. Francois County MO SO,St. Francois County MO SO,
Crawfordsville IN PD,Crawfordsville IN PD,
Ware County GA SO ,Ware County GA SO ,Lumpkin County SO (GA)
Kennesaw GA PD,Kennesaw GA PD,Lumpkin County SO (GA)
Angier NC PD,Angier NC PD,Lumpkin County SO (GA)
Tattnall County GA SO,Tattnall County GA SO,Lumpkin County SO (GA)
Locust Grove GA PD,"Locust Grove GA PD,Locust Grove GA PD - Wing",Lumpkin County SO (GA)
Fulton County IN SO ,Fulton County IN SO,
Stone Mountain GA PD,Stone Mountain GA PD,Lumpkin County SO (GA)
LaGrange KY PD,LaGrange KY PD,
Putnam County TN SO ,Putnam County TN SO ,
Broadview Heights OH PD,Broadview Heights OH PD,
Marysville OH PD,Marysville OH PD,
Holly Springs GA PD,Holly Springs GA PD ,Lumpkin County SO (GA)
Thomson GA PD,Thomson GA PD,Lumpkin County SO (GA)
Easley SC PD,Easley SC PD,Lumpkin County SO (GA)
OH - Hamilton PD,Hamilton OH PD,Lumpkin County SO (GA)
Cartersville GA PD,Cartersville GA PD,Lumpkin County SO (GA)
Floyd County GA PD,"Floyd County GA PD,Floyd County GA PD - RedSpeed,Floyd County GA PD (Flex)",Lumpkin County SO (GA)
Georgia Southwestern State University Campus PD ,Georgia Southwestern State University Campus PD ,Lumpkin County SO (GA)
Fuquay-Varina NC PD,Fuquay Varina NC PD,Lumpkin County SO (GA)
Clayton GA PD,"Clayton GA PD (Condors),Clayton GA PD",Lumpkin County SO (GA)
Laurens County GA SO,Laurens County GA SO,Lumpkin County SO (GA)
Mount Holly NC PD,Mt Holly NC PD,Lumpkin County SO (GA)
Nicholasville KY PD,Nicholasville KY PD,Lumpkin County SO (GA)
Orlando FL PD,Orlando FL PD ,Lumpkin County SO (GA)
North Ridgeville OH PD,North Ridgeville OH PD,Lumpkin County SO (GA)
Lexington KY PD,Lexington KY PD,Lumpkin County SO (GA)
Marta PD GA,Marta PD (GA),Lumpkin County SO (GA)
University of West Georgia GA PD,University of West Georgia (GA),Lumpkin County SO (GA)
Thornton CO PD,Thornton CO PD,Lumpkin County SO (GA)
Winder GA PD,"Winder GA PD,Winder GA PD (FLEX) ",Lumpkin County SO (GA)
Braselton GA PD,Braselton GA PD,Lumpkin County SO (GA)
Maryland Heights MO PD,"Maryland Heights MO PD,Maryland Heights Visitor Center (MO)",Lumpkin County SO (GA)
Simpsonville SC PD,Simpsonville SC PD,Lumpkin County SO (GA)
Ottawa County OH SO,Ottawa County OH SO,Lumpkin County SO (GA)
Adairsville GA PD,Adairsville GA PD,Lumpkin County SO (GA)
Peachtree Corners GA Marshal's Office,Peachtree Corners GA,Lumpkin County SO (GA)
Wadsworth OH PD,Wadsworth OH PD,
Thomaston GA PD,Thomaston GA PD,Lumpkin County SO (GA)
Lincoln AL PD,"Lincoln AL PD,Lincoln AL PD (Flex)",Lumpkin County SO (GA)
Florence SC PD,Florence SC PD,Lumpkin County SO (GA)
Hamilton County TN SO,Hamilton County TN SO,Lumpkin County SO (GA)
Oxford AL PD,Oxford AL PD,Lumpkin County SO (GA)
Elwood IN PD,Elwood IN PD (LPR),Lumpkin County SO (GA)
Sheridan AR PD,Sheridan AR PD,Lumpkin County SO (GA)
Remerton GA PD,Remerton GA PD,Lumpkin County SO (GA)
Loris SC PD,Loris SC PD,Lumpkin County SO (GA)
Athens-Clarke County GA PD,"Athens Clarke County GA PD,Athens-Clarke County GA Department of Solid Waste ",Lumpkin County SO (GA)
Rocky River OH PD,Rocky River OH PD,
Worth County GA SO,Worth County GA SO,Lumpkin County SO (GA)
Spring Hill TN PD,Spring Hill TN PD,
Norwood OH PD,Norwood OH PD,Lumpkin County SO (GA)
Leesburg AL PD,Leesburg AL PD,Lumpkin County SO (GA)
Amberley Village OH PD,Amberley Village OH PD - LPR,Lumpkin County SO (GA)
Heard County GA SO,Heard County GA SO,Lumpkin County SO (GA)
Lafayette TN PD,Lafayette TN PD,Lumpkin County SO (GA)
Thunderbolt GA PD,Thunderbolt GA PD,Lumpkin County SO (GA)
Hackleburg AL PD,Hackleburg AL PD,Lumpkin County SO (GA)
Muncie IN PD,Muncie IN PD,Lumpkin County SO (GA)
Orange County FL SO,Orange County FL SO,
Grant County IN SO,Grant County IN SO,
Villa Rica GA PD,Villa Rica GA PD,Lumpkin County SO (GA)
Turner County GA SO,"Turner County GA SO,Turner County GA SO (FLEX) ",Lumpkin County SO (GA)
Nolensville TN PD,Nolensville TN PD,
Orange Beach AL PD,Orange Beach AL PD,Lumpkin County SO (GA)
Cumming GA PD,Cumming GA PD,Lumpkin County SO (GA)
Norcross GA PD,"Norcross GA PD - Redspeed,Norcross GA PD (Flex),Norcross GA PD",Lumpkin County SO (GA)
Germantown TN PD,Germantown TN PD,Lumpkin County SO (GA)
Sevier County TN SO,Sevier County TN SO,Lumpkin County SO (GA)
Baytown TX PD,Baytown TX PD ,
Ellijay GA PD,Ellijay GA PD,Lumpkin County SO (GA)
Sumter County SC SO,SC - Sumter Co Sheriff's Office,Lumpkin County SO (GA)
Union City GA PD,Union City GA PD,Lumpkin County SO (GA)
Plainfield IN PD,Plainfield IN PD,
Louisburg NC PD,Louisburg NC PD,Lumpkin County SO (GA)
Walls MS PD,Walls MS PD ,Lumpkin County SO (GA)
Fort Mill SC PD,Fort Mill SC PD,
Carroll County OH SO,Carroll County OH SO,Lumpkin County SO (GA)
Coffee County GA SO,Coffee County GA SO,Lumpkin County SO (GA)
Rabun County GA SO,"Rabun County GA SO (Flex),Rabun County GA SO ",Lumpkin County SO (GA)
Irmo SC PD,Irmo SC PD,Lumpkin County SO (GA)
Gaston County NC PD,Gaston County NC PD,
Walker County GA SO,"Walker County GA SO,Fort Worth HOA Demo",Lumpkin County SO (GA)
Doerun GA PD,Doerun GA PD,Lumpkin County SO (GA)
Jackson County NC SO,"Jackson County NC SO,Jackson County NC SO - Falcon Flex",Lumpkin County SO (GA)
Chatsworth GA PD,Chatsworth GA PD,Lumpkin County SO (GA)
Matthews NC PD,Matthews NC PD,Lumpkin County SO (GA)
Jasper County IN SO,Jasper County IN SO,Lumpkin County SO (GA)
Jefferson County KY SO,Jefferson County KY SO,Lumpkin County SO (GA)
MS - Biloxi PD,Biloxi PD (MS),Lumpkin County SO (GA)
Fulton County GA SO,Fulton County GA SO (Deactivated),Lumpkin County SO (GA)
Lookout Mountain TN PD,Lookout Mountain TN PD ,Lumpkin County SO (GA)
Crystal City MO PD,Crystal City MO PD,
Sumner County TN SO,Sumner County TN SO,Lumpkin County SO (GA)
Irondale AL PD,Irondale AL PD,Lumpkin County SO (GA)
Leake County MS SO,Leake County MS SO,Lumpkin County SO (GA)
Cookeville TN PD,Cookeville TN PD,Lumpkin County SO (GA)
Haralson County GA SO,Haralson County SO (GA),Lumpkin County SO (GA)
Mooresville NC PD,Mooresville NC PD,Lumpkin County SO (GA)
Ulysses KS PD,Ulysses KS PD,
Bremen GA PD,"Bremen GA PD (Condor),Bremen GA PD",Lumpkin County SO (GA)
Vidalia GA PD,"Vidalia GA PD,Vidalia GA PD (Redspeed)",Lumpkin County SO (GA)
Southside AL PD,Southside AL PD,Lumpkin County SO (GA)
Cedartown GA PD,"Cedartown GA PD Condor,Cedartown GA PD,Cedartown GA PD - Redspeed",Lumpkin County SO (GA)
Camden SC PD,Camden SC PD,
Tippecanoe County IN SO,Tippecanoe County IN SO,Lumpkin County SO (GA)
Spencer County IN SO,Spencer County IN SO,Lumpkin County SO (GA)
Whitehall OH PD,Whitehall OH PD,
East Baton Rouge LA SO,East Baton Rouge Parish LA SO,
Jasper GA PD,Jasper GA PD,Lumpkin County SO (GA)
D'Iberville MS PD,D'Iberville MS PD,
Dougherty County GA PD ,"Dougherty County GA PD (Condors),Dougherty County GA PD ",Lumpkin County SO (GA)
Washington MO PD,Washington MO PD,
Northport AL PD,Northport AL PD,
Fairburn GA PD,Fairburn GA PD,Lumpkin County SO (GA)
Franklin Springs GA PD ,Franklin Springs GA PD ,Lumpkin County SO (GA)
Jeffersontown KY PD,Jeffersontown KY PD,Lumpkin County SO (GA)
Tarpon Springs FL PD,"Tarpon Springs FL PD,Tarpon Springs PD - Wing,Tarpon Springs FL PD (Flex)",Lumpkin County SO (GA)
Grovetown GA PD,Grovetown Dept of Public Safety GA,Lumpkin County SO (GA)
Rocky Mount NC PD,"Rocky Mount NC PD,Rocky Mount NC PD (Falcon LR)",
Town & Country MO PD,Town & Country MO PD,
Marion County OH SO,Marion County OH SO,Lumpkin County SO (GA)
Franklin County AL SO,"Franklin County AL SO (Flex),Franklin County AL SO",
Lakeland FL PD,"Lakeland FL PD (Flex),Lakeland FL PD",Lumpkin County SO (GA)
Hart County GA SO,Hart County GA SO,Lumpkin County SO (GA)
Eufaula AL PD,Eufaula AL PD,Lumpkin County SO (GA)
Etowah County AL SO,Etowah County AL SO,
Gulf County FL SO,Gulf County FL SO,Lumpkin County SO (GA)
Franklin County MO SO ,Franklin County MO SO ,Lumpkin County SO (GA)
Vincennes IN PD,Vincennes IN PD,Lumpkin County SO (GA)
Indian Hill OH PD,Indian Hill OH PD,Lumpkin County SO (GA)
Newnan GA PD,Newnan GA PD,Lumpkin County SO (GA)
Fulton County GA PD,Fulton County GA PD,Lumpkin County SO (GA)
Grantville GA PD,Grantville GA PD,Lumpkin County SO (GA)
Habersham County GA SO,Habersham County GA SO,Lumpkin County SO (GA)
Hanover IN PD,Hanover IN PD,
Leeds AL PD,Leeds AL PD,Lumpkin County SO (GA)
Dearborn County IN SO,Dearborn County IN SO,Lumpkin County SO (GA)
Jefferson GA PD,Jefferson GA PD,Lumpkin County SO (GA)
Black Mountain NC PD,Black Mountain NC PD,
Lauderdale County TN SO,Lauderdale County TN SO,
Tupelo MS PD,"Tupelo MS PD (Flex),Tupelo MS PD",Lumpkin County SO (GA)
Conyers GA PD,Conyers GA PD,Lumpkin County SO (GA)
Sullivan County IN SO,Sullivan County IN SO,Lumpkin County SO (GA)
Paulding County GA SO,Paulding County GA SO,Lumpkin County SO (GA)
Union County NC SO,"Union County NC SO,Union County NC SO (Flex)",Lumpkin County SO (GA)
Tift County GA SO,Tift County GA SO,Lumpkin County SO (GA)
Sylvania OH PD,Sylvania OH PD,
Floyd County IN SO,Floyd County IN SO,
Putnam County IN SO,Putnam County IN SO,
Indianapolis International Airport IN PD,Indianapolis International Airport IN PD,
Ferguson MO PD,Ferguson MO PD,
Fairfield PD - OH ,Fairfield OH PD,Lumpkin County SO (GA)
O'Fallon MO PD,"O'Fallon MO PD,O'Fallon MO PD (Flex)",Lumpkin County SO (GA)
Lyndhurst OH PD,Lyndhurst OH PD,
Gainesville GA PD,"Gainesville PD (GA) Flex,Gainesville GA PD",Lumpkin County SO (GA)
Montgomery County OH SO,Montgomery County OH SO,
Rossville GA PD,Rossville GA PD,Lumpkin County SO (GA)
Garfield Heights OH PD,"Garfield Heights OH PD,Garfield Heights OH PD (FLEX)",Lumpkin County SO (GA)
Marion SC PD,Marion SC PD,
Madisonville KY PD,"Madisonville KY PD,Madisonville KY PD (Flex)",Lumpkin County SO (GA)
Coweta County GA SO,Coweta County GA SO,Lumpkin County SO (GA)
Vestavia Hills AL PD,Vestavia Hills AL PD,Lumpkin County SO (GA)
Shelby County KY SO,Shelby County KY SO,Lumpkin County SO (GA)
Whitfield County GA SO,Whitfield County GA SO,Lumpkin County SO (GA)
Morrow OH PD,Morrow OH PD,Lumpkin County SO (GA)
Tifton GA PD,Tifton Police Department ,Lumpkin County SO (GA)
Lee County GA SO,Lee County GA SO,Lumpkin County SO (GA)
Mountain Brook AL PD,Mountain Brook AL PD,Lumpkin County SO (GA)
Florence County SC SO,Florence County SC Sheriff's Office,Lumpkin County SO (GA)
Dyer County TN SO,Dyer County TN SO ,
East Point GA PD,"East Point GA PD (Raven),East Point GA PD",Lumpkin County SO (GA)
Savannah International Airport GA PD,Savannah International Airport GA PD,Lumpkin County SO (GA)
Folly Beach SC PD,Folly Beach SC PD,
Arnold MO PD,Arnold MO PD,Lumpkin County SO (GA)
Oglethorpe GA PD,Oglethorpe GA PD ,Lumpkin County SO (GA)
Calhoun GA PD,"Calhoun GA PD,Calhoun GA PD (Condor)",Lumpkin County SO (GA)
Reinhardt University GA PD ,Reinhardt University GA PD ,Lumpkin County SO (GA)
Oconee County GA SO,Oconee County GA SO,Lumpkin County SO (GA)
Noblesville IN PD,Noblesville IN PD,
Missouri Department of Conservation,Department of Conservation (MO),Lumpkin County SO (GA)
Crystal Springs MS PD,Crystal Springs MS PD,
Avondale Estates GA PD,Avondale Estates GA PD,Lumpkin County SO (GA)
Union County KY SO,Union County KY SO,
Lafayette IN PD,Lafayette PD IN,
Fairfax OH PD,"Fairfax OH PD (Live View),Fairfax OH PD",Lumpkin County SO (GA)
Liberty County GA SO,Liberty County GA SO ,Lumpkin County SO (GA)
Gluckstadt MS PD,Gluckstadt MS PD,Lumpkin County SO (GA)
Speedway IN PD,Speedway IN PD,Lumpkin County SO (GA)
Delhi Twp OH PD,Delhi Twp OH PD,
Dayton TN PD,Dayton TN PD,Lumpkin County SO (GA)
St. Matthews KY PD,Saint Matthews KY PD,
Madison County GA SO,Madison County GA SO,Lumpkin County SO (GA)
Gardendale AL PD,Gardendale AL PD,Lumpkin County SO (GA)
Lebanon TN PD,Lebanon TN PD,Lumpkin County SO (GA)
Maysville GA PD,Maysville GA PD,Lumpkin County SO (GA)
Wentzville MO PD,"Wentzville Parks and Recreation MO,Wentzville MO PD",Lumpkin County SO (GA)
Fairfield Township OH PD,Fairfield Township OH PD,Lumpkin County SO (GA)
Columbus GA PD,"Columbus GA PD,Columbus PD Falcon Flex (GA)",Lumpkin County SO (GA)
Maggie Valley NC PD,Maggie Valley NC PD,Lumpkin County SO (GA)
Edinburgh IN PD,Edinburgh IN PD,
Dillard GA PD,Dillard GA PD,Lumpkin County SO (GA)
Morgan County TN SO,Morgan County TN SO,
Douglas County GA SO,Douglas County GA SO,Lumpkin County SO (GA)
Fayetteville GA PD,Fayetteville GA PD,Lumpkin County SO (GA)
Maiden NC PD,Maiden NC PD,Lumpkin County SO (GA)
Wadley GA PD,"Wadley GA PD,Wadley GA PD (Live View/PTZ)",Lumpkin County SO (GA)
Brighton AL PD,Brighton AL PD,
Morehead KY PD,Morehead KY PD,Lumpkin County SO (GA)
Spalding County GA SO,Spalding County GA SO,Lumpkin County SO (GA)
Sylvester GA PD,Sylvester GA PD,Lumpkin County SO (GA)
Fishers IN PD,Fishers IN PD,Lumpkin County SO (GA)
Pelham AL PD,Pelham AL PD,Lumpkin County SO (GA)
Elkhart County IN SO,Elkhart County IN SO (FLEX),
Golf Manor OH PD,Golf Manor OH PD,Lumpkin County SO (GA)
Huber Heights OH PD,Huber Heights OH PD,
Washington County TN SO,Washington County TN SO (Flex),Lumpkin County SO (GA)
Surry County NC SO,"Surry County SO (NC) (Flex),Surry County SO (NC)",
Richmond Heights MO PD,Richmond Heights MO PD,Lumpkin County SO (GA)
Scott County KY SO,Scott Co KY SO,
Searcy AR PD ,Searcy AR PD ,
Collegedale TN PD,Collegedale TN PD,Lumpkin County SO (GA)
Jefferson County MO SO,Jefferson County MO SO,Lumpkin County SO (GA)
Chatham County GA PD,"Chatham County PD (GA) Flex,Chatham County GA PD",Lumpkin County SO (GA)
Georgetown County SC SO,Georgetown County SC SO,Lumpkin County SO (GA)
Fort Loramie OH PD,Fort Loramie OH PD,Lumpkin County SO (GA)
Vanderburgh County IN SO ,Vanderburgh County IN SO ,
Oxford MS PD,Oxford MS PD,Lumpkin County SO (GA)
Sikeston MO DPS,Sikeston MO PD,Lumpkin County SO (GA)
Franklin GA PD,Franklin GA PD,Lumpkin County SO (GA)
Akron OH PD,Akron OH PD,
Greenfield IN PD,Greenfield IN PD,Lumpkin County SO (GA)
Dickson TN PD,Dickson TN PD,Lumpkin County SO (GA)
Powell OH PD,Powell OH PD,Lumpkin County SO (GA)
Warren County OH SO,South Lebanon OH (Warren Co),Lumpkin County SO (GA)
Douglasville GA PD,Douglasville GA PD,Lumpkin County SO (GA)
Florissant MO PD,Florissant MO PD,
Leon County FL SO,Leon County FL SO,
Scottsboro AL PD,Scottsboro AL PD,Lumpkin County SO (GA)
Fitzgerald GA PD,Fitzgerald GA PD - Falcon,Lumpkin County SO (GA)
University of North Carolina Charlotte (NC),University of North Carolina Charlotte (NC),
Bartow County GA SO,Bartow County GA SO,Lumpkin County SO (GA)
Port Clinton OH PD,Port Clinton OH PD,
Covington LA PD,Covington LA PD,
Panama City Beach FL PD,Panama City Beach FL PD,Lumpkin County SO (GA)
Berrien County GA SO,Berrien County GA SO,Lumpkin County SO (GA)
Hardin County TN SO,Hardin County TN SO,
Tell City IN PD,Tell City IN PD,Lumpkin County SO (GA)
Dubois County IN SO,Dubois County SO IN,
Park Hills MO PD,Park Hills MO PD,
Wabash County IN SO,"Wabash County IN SO (Flex),Wabash County IN SO",Lumpkin County SO (GA)
Glencoe AL PD,Glencoe AL PD,Lumpkin County SO (GA)
Chadbourn NC PD,Chadbourn NC PD,Lumpkin County SO (GA)
Lovejoy GA PD,Lovejoy GA PD ,Lumpkin County SO (GA)
Cape Girardeau MO PD,Cape Girardeau MO PD,Lumpkin County SO (GA)
Mountain City TN PD,Mountain City TN PD,Lumpkin County SO (GA)
Lauderdale County AL SO,Lauderdale County AL SO,
Tipp City OH PD,Tipp City OH PD,Lumpkin County SO (GA)
Jefferson County SO IN,Jefferson County SO IN,
Ridgeland MS PD,Ridgeland MS PD,Lumpkin County SO (GA)
Collierville TN PD,Collierville TN PD,Lumpkin County SO (GA)
Forrest County MS SO,Forrest County MS SO,Lumpkin County SO (GA)
Cobb County GA PD,"Cobb County GA PD,Cobb County Parks & Rec",Lumpkin County SO (GA)
Winterville GA PD,Winterville GA PD,Lumpkin County SO (GA)
Whitley County IN Prosector,Whitley County IN Prosector,Lumpkin County SO (GA)
Jasper IN PD,Jasper IN PD,Lumpkin County SO (GA)
Lithonia GA PD,Lithonia GA PD,Lumpkin County SO (GA)
Fairview Park OH PD,Fairview Park OH PD,
Liberty County FL SO,Liberty County FL SO,
Double Springs AL PD,Double Springs AL PD,
Moncks Corner SC PD,Moncks Corner SC PD,
Moraine OH PD,Moraine OH PD,
Monroe County MI SO ,Monroe County MI SO,Lumpkin County SO (GA)
Danielsville GA PD,Danielsville GA PD,Lumpkin County SO (GA)
Charleston SC PD,Charleston SC PD,Lumpkin County SO (GA)
Butler GA PD,Butler GA PD ,Lumpkin County SO (GA)
Hartselle AL PD,Hartselle AL PD,Lumpkin County SO (GA)
Hampton GA PD,Hampton GA PD,Lumpkin County SO (GA)
Greencastle IN PD,Greencastle IN PD,
Hancock County IN SO,Hancock County IN SO,Lumpkin County SO (GA)
Moody AL PD,Moody AL PD,Lumpkin County SO (GA)
Cleveland County NC SO ,Cleveland County NC SO ,Lumpkin County SO (GA)
Lake Mary FL PD,Lake Mary FL PD,Lumpkin County SO (GA)
Pulaski County GA SO ,Pulaski County GA SO ,Lumpkin County SO (GA)
Pocahontas AR PD,Pocahontas AR PD,
Lexington NC PD ,Lexington NC PD ,Lumpkin County SO (GA)
Carolina Beach NC PD ,Carolina Beach NC PD,Lumpkin County SO (GA)
Morrow GA PD ,"City of Morrow (GA),Morrow GA PD - Redspeed",Lumpkin County SO (GA)
Cobb County GA SO,Cobb County GA SO,Lumpkin County SO (GA)
Jasper AL PD,Jasper AL PD,
Fulton County Schools PD (GA),"Fulton County Schools GA North Campuses,Fulton County Schools GA South Campuses",Lumpkin County SO (GA)
Kingston Springs TN PD,Kingston Springs TN PD,Lumpkin County SO (GA)
Saline County AR SO,Saline County AR SO,Lumpkin County SO (GA)
Georgia Gwinnett College PD,Georgia Gwinnett College PD,Lumpkin County SO (GA)
Slidell LA PD,Slidell LA PD,Lumpkin County SO (GA)
Alabaster AL PD,Alabaster AL PD,Lumpkin County SO (GA)
Cabot AR PD,Cabot AR PD,Lumpkin County SO (GA)
Hendersonville TN PD,Hendersonville TN PD,Lumpkin County SO (GA)
Williamson County TN SO,Williamson County TN SO,
AL - Sylacauga PD,Sylacauga PD (AL),
Montezuma IN PD,Montezuma IN PD,
Loveland OH PD,Loveland OH PD,
Claiborne County TN SO,Claiborne County TN SO,
Southgate KY PD,Southgate KY PD,
Bessemer City NC PD,Bessemer City NC PD,
Sweetwater TN PD,Sweetwater TN PD,
Truett McConnell University GA Campus PD,Truett McConnell University GA Campus PD,Lumpkin County SO (GA)
Fort Oglethorpe GA PD,Fort Oglethorpe GA PD,Lumpkin County SO (GA)
Mount Vernon IN PD,Mount Vernon IN PD,Lumpkin County SO (GA)
Hamilton AL PD ,Hamilton AL PD ,
Cumberland Metro IN PD,Cumberland Metro IN PD,Lumpkin County SO (GA)
Vigo County IN SO,Vigo County IN SO,
Buncombe County NC SO,Buncombe County NC SO,Lumpkin County SO (GA)
Parks Ridge (GA),Parks Ridge (GA),
Xenia OH PD,Xenia OH PD,
Fayette County TN SO,Fayette County TN SO,Lumpkin County SO (GA)
Perrysburg Twp OH PD,Perrysburg Twp OH PD,Lumpkin County SO (GA)
Lynn Haven FL PD,Lynn Haven FL PD,
Wells County IN SO,Wells County IN SO,Lumpkin County SO (GA)
Charleston MO DPS,Charleston MO DPS,
St. Charles County MO PD,St. Charles County MO PD,
Wartburg TN PD,Wartburg TN PD,Lumpkin County SO (GA)
Robeson County NC SO,Robeson County NC SO,Lumpkin County SO (GA)
Belpre OH PD,Belpre OH PD,
Alcoa TN PD,Alcoa TN PD,Lumpkin County SO (GA)
Kernersville NC PD,Kernersville NC PD,Lumpkin County SO (GA)
Parma Heights OH PD,Parma Heights OH PD,
Cuyahoga Heights OH PD,Cuyahoga Heights OH PD,
Tuscaloosa AL PD,Tuscaloosa AL PD,Lumpkin County SO (GA)
Shelby County IN SO,Shelby County IN SO,
SEMO Drug Task Force MO,SEMO MO Drug Task Force ,
Indiana State Police IN PD,Indiana State Police IN PD,Lumpkin County SO (GA)
Blount County TN SO,Blount County TN SO,Lumpkin County SO (GA)
Mattoon IL PD,Mattoon IL PD,Lumpkin County SO (GA)
Creve Coeur MO PD,Creve Coeur MO PD,
Jacksonville FL SO,Jacksonville FL SO,Lumpkin County SO (GA)
Russell County AL SO,Russell County AL SO,Lumpkin County SO (GA)
Owen County IN SO,Owen County IN SO,
Reading OH PD,Reading OH PD,
Watauga County NC SO,Watauga County NC SO,
Lawrence County IN SO,Lawrence County IN SO,
Jefferson County FL SO,Jefferson County FL SO (Flex),Lumpkin County SO (GA)
Trumann AR PD,Trumann AR PD,
Sylvania Township OH PD,Sylvania Township OH PD,Lumpkin County SO (GA)
Milan TN PD,Milan TN PD,Lumpkin County SO (GA)
Ingalls IN PD,Ingalls IN PD,Lumpkin County SO (GA)
Paducah KY PD,Paducah PD KY,Lumpkin County SO (GA)
Phenix City AL PD,Phenix City AL PD,Lumpkin County SO (GA)
Westerville OH PD,Westerville OH PD,
AL - Jacksonville State University Campus PD,Jacksonville State University Campus PD (AL),Lumpkin County SO (GA)
Dunn NC PD,Dunn NC PD,Lumpkin County SO (GA)
Cleveland Heights OH PD,Cleveland Heights OH PD,Lumpkin County SO (GA)
Perkins Township OH PD,Perkins Twp OH PD,Lumpkin County SO (GA)
Dothan AL PD,Dothan AL PD,
Tuscaloosa County AL SO,Tuscaloosa County AL SO,Lumpkin County SO (GA)
Surfside Beach SC PD,Surfside Beach SC PD,Lumpkin County SO (GA)
Center Point AL PD,Center Point AL,
Georgetown SC PD,Georgetown SC PD,
Springfield TN PD ,Springfield TN PD ,
Marion Health PD (IN),Marion Health PD (IN),Lumpkin County SO (GA)
Toledo OH PD,Toledo OH PD,Lumpkin County SO (GA)
Rainbow City AL PD,Rainbow City AL PD,
Ladue MO PD,Ladue MO PD,Lumpkin County SO (GA)
Huntersville PD NC,Huntersville PD NC,Lumpkin County SO (GA)
Fort Wayne IN PD ,Fort Wayne PD (IN),Lumpkin County SO (GA)
"Public Service Authority, Santee Cooper Law Enforcement Division (SC)","Public Service Authority, Santee Cooper Law Enforcement Division (SC)",Lumpkin County SO (GA)
Kingsport TN PD,Kingsport TN PD,
Ahoskie NC PD,Ahoskie NC PD,Lumpkin County SO (GA)
Orange Village OH PD,Orange Village OH PD,
Houston Housing Authority TX,Houston PD (TX) -  Houston Housing Authority,
Ross Township PA PD,Ross Township PA PD - Wing LPR,Lumpkin County SO (GA)
Indian Hills KY PD,Indian Hills KY PD,Lumpkin County SO (GA)
St. John MO PD,St. John MO PD,
Cambridge City IN PD,Cambridge City IN PD,Lumpkin County SO (GA)
Neshoba County MS SO,Neshoba County MS SO,Lumpkin County SO (GA)
Henry County OH SO,Henry County OH SO,
Tyrone GA PD,Tyrone GA PD,Lumpkin County SO (GA)
Sidney OH PD,Sidney OH PD,
Hamblen County TN SO,Hamblen County TN SO,Lumpkin County SO (GA)
Gallia County OH SO,Gallia County OH SO,
Thomas County GA SO,Thomas County GA SO ,Lumpkin County SO (GA)
Butler Township OH PD,Butler Township OH PD,Lumpkin County SO (GA)
Englewood OH PD,Englewood OH PD,
Winfield AL PD,Winfield AL PD,
Dare County NC SO,Dare County NC SO,
Hopkinsville KY PD,Hopkinsville KY PD,
Maumee OH PD,Maumee OH PD,Lumpkin County SO (GA)
Lawrence IN PD,Lawrence IN PD,
Darlington County SC SO,Darlington County SC SO,Lumpkin County SO (GA)
Vonore TN PD,Vonore TN PD ,
Lee County AL SO,Lee County AL SO,
Florence AL PD,Florence AL PD,Lumpkin County SO (GA)
Howard County IN SO,IN - Howard County SO,
Palatka FL PD,Palatka FL PD,
Loveland CO PD,,Lumpkin County SO (GA)
Gulf Breeze FL PD,,Lumpkin County SO (GA)
Mansfield OH PD,,Lumpkin County SO (GA)
Anna TX PD,,Lumpkin County SO (GA)
Paris TX PD,,Lumpkin County SO (GA)
Show Low AZ PD,,Lumpkin County SO (GA)
Suwannee County FL SO,,Lumpkin County SO (GA)
Old Westbury Village NY PD,,Lumpkin County SO (GA)
Prince George's Community College MD PD,,Lumpkin County SO (GA)
Glendale OH PD,,Lumpkin County SO (GA)
Auburn WA PD,,Lumpkin County SO (GA)
Stark County SO,,Lumpkin County SO (GA)
Erwin TN PD,,Lumpkin County SO (GA)
OH - Butler County SO,,Lumpkin County SO (GA)
Custer County CO SO,,Lumpkin County SO (GA)
Swainsboro GA PD,,Lumpkin County SO (GA)
Greenville MS PD,,Lumpkin County SO (GA)
NYS Crime Analysis Center Network,,Lumpkin County SO (GA)
Virginia Department of Wildlife Resources (DWR),,Lumpkin County SO (GA)
Johnson County IN SO,,Lumpkin County SO (GA)
Anoka County MN SO,,Lumpkin County SO (GA)
Berea OH PD,,Lumpkin County SO (GA)
Lakewood WA PD,,Lumpkin County SO (GA)
Medicine Lodge KS PD,,Lumpkin County SO (GA)
La Paz County AZ SO,,Lumpkin County SO (GA)
Atlantic Beach FL PD,,Lumpkin County SO (GA)
Live Oak FL PD,,Lumpkin County SO (GA)
Kendall County TX SO,,Lumpkin County SO (GA)
Loudon TN PD,,Lumpkin County SO (GA)
Springfield FL PD,,Lumpkin County SO (GA)
Greensboro GA PD ,,Lumpkin County SO (GA)
Hope Mills NC PD ,,Lumpkin County SO (GA)
Woodhaven MI PD,,Lumpkin County SO (GA)
Prince William County VA PD,,Lumpkin County SO (GA)
Wyandotte MI PD,,Lumpkin County SO (GA)
Byram MS PD,,Lumpkin County SO (GA)
Hoschton GA PD,,Lumpkin County SO (GA)
Dillon SC PD,,Lumpkin County SO (GA)
Poughkeepsie City NY PD,,Lumpkin County SO (GA)
Logan County KY SO ,,Lumpkin County SO (GA)
Vance County NC SO,,Lumpkin County SO (GA)
Tooele City PD UT,,Lumpkin County SO (GA)
East Tennessee State University TN Campus PD ,,Lumpkin County SO (GA)
Albion MI DPS,,Lumpkin County SO (GA)
Huntington County IN SO,,Lumpkin County SO (GA)
Franklin County IL SO,,Lumpkin County SO (GA)
Juab County UT SO,,Lumpkin County SO (GA)
Fairmount IN PD,,Lumpkin County SO (GA)
Elbert County GA SO,,Lumpkin County SO (GA)
Fletcher NC PD,,Lumpkin County SO (GA)
OH - Bridgeport PD,,Lumpkin County SO (GA)
Palm Beach County FL SO,,Lumpkin County SO (GA)
Burr Ridge IL PD,,Lumpkin County SO (GA)
Defuniak Springs FL PD,,Lumpkin County SO (GA)
Dent County MO SO,,Lumpkin County SO (GA)
Nashville GA PD,,Lumpkin County SO (GA)
Carpentersville IL PD,,Lumpkin County SO (GA)
Selma NC PD,,Lumpkin County SO (GA)
Zanesville OH PD,,Lumpkin County SO (GA)
Adairville KY PD,,Lumpkin County SO (GA)
Carrollton OH PD,,Lumpkin County SO (GA)
Clyde PD OH,,Lumpkin County SO (GA)
Puyallup WA PD,,Lumpkin County SO (GA)
Dale County AL SO,,Lumpkin County SO (GA)
Ohio State Fire Marshal,,Lumpkin County SO (GA)
Woodlawn OH PD,,Lumpkin County SO (GA)
Pea Ridge AR PD,,Lumpkin County SO (GA)
Morgan County IN SO,,Lumpkin County SO (GA)
Okaloosa County FL SO,,Lumpkin County SO (GA)
Hardin County OH SO,,Lumpkin County SO (GA)
Henry County VA SO,,Lumpkin County SO (GA)
LaFayette County FL SO,,Lumpkin County SO (GA)
Marianna FL PD,,Lumpkin County SO (GA)
IN - Rensselaer PD,,Lumpkin County SO (GA)
Pinecrest FL PD,,Lumpkin County SO (GA)
Bedford VA PD,,Lumpkin County SO (GA)
Eminence KY PD,,Lumpkin County SO (GA)
Zephyrhills FL PD,,Lumpkin County SO (GA)
Homer Village NY PD,,Lumpkin County SO (GA)
Alvin TX PD,,Lumpkin County SO (GA)
Jackson MO PD,,Lumpkin County SO (GA)
Orangeburg Department of Public Safety SC,,Lumpkin County SO (GA)
Round Rock TX PD,,Lumpkin County SO (GA)
Caldwell County NC SO,,Lumpkin County SO (GA)
[Federal] Federal Bureau of Investigation (FBI),,Lumpkin County SO (GA)
Rapides Parish LA SO,,Lumpkin County SO (GA)
Kleberg TX County Attorney's Task Force,,Lumpkin County SO (GA)
Lavon TX PD ,,Lumpkin County SO (GA)
Auglaize County OH SO,,Lumpkin County SO (GA)
Burke County NC SO,,Lumpkin County SO (GA)
Harris County TX SO,,Lumpkin County SO (GA)
Madison County NC SO,,Lumpkin County SO (GA)
Vermillion County IN SO,,Lumpkin County SO (GA)
Middleburg Heights OH PD,,Lumpkin County SO (GA)
Lake County OH SO,,Lumpkin County SO (GA)
Lake Geneva WI PD,,Lumpkin County SO (GA)
Warrenton NC PD ,,Lumpkin County SO (GA)
MS - Flowood PD,,Lumpkin County SO (GA)
Wilkes County NC SO,,Lumpkin County SO (GA)
St. Charles City MO PD,,Lumpkin County SO (GA)
Fishkill Town NY PD,,Lumpkin County SO (GA)
Waynesville NC PD,,Lumpkin County SO (GA)
Scott County MS SO,,Lumpkin County SO (GA)
Duncan SC PD,,Lumpkin County SO (GA)
Camilla GA PD ,,Lumpkin County SO (GA)
Columbia County FL SO,,Lumpkin County SO (GA)
Wedowee AL PD,,Lumpkin County SO (GA)
Guilford County NC SO,,Lumpkin County SO (GA)
Polk County GA PD,,Lumpkin County SO (GA)
Lincoln County SO NE,,Lumpkin County SO (GA)
Tampa FL PD,,Lumpkin County SO (GA)
Crawford County IL SO ,,Lumpkin County SO (GA)
Pike County IL SO ,,Lumpkin County SO (GA)
Knox County IL SO,,Lumpkin County SO (GA)
Cherokee County GA DA,,Lumpkin County SO (GA)
Butner NC PD,,Lumpkin County SO (GA)
Hermitage PA PD,,Lumpkin County SO (GA)
Cherokee County AL SO,,Lumpkin County SO (GA)
Town of Bean Station PD  TN,,Lumpkin County SO (GA)
Struthers OH PD,,Lumpkin County SO (GA)
Jacksonville Beach FL PD,,Lumpkin County SO (GA)
Creedmoor NC PD,,Lumpkin County SO (GA)
Erwin NC PD,,Lumpkin County SO (GA)
Abbeville SC PD,,Lumpkin County SO (GA)
Ellaville GA PD,,Lumpkin County SO (GA)
Elmhurst IL PD,,Lumpkin County SO (GA)
Franklin County OH SO,,Lumpkin County SO (GA)
Lowndes County GA SO,,Lumpkin County SO (GA)
Caruthersville MO PD,,Lumpkin County SO (GA)
Gallatin TN PD,,Lumpkin County SO (GA)
Vernon Parish LA SO,,Lumpkin County SO (GA)
OH- Springfield Township PD (Hamilton Co) ,,Lumpkin County SO (GA)
Niagara Falls City NY PD,,Lumpkin County SO (GA)
Crossville TN PD,,Lumpkin County SO (GA)
Sullivan County TN SO,,Lumpkin County SO (GA)
Washoe County NV SO,,Lumpkin County SO (GA)
Union County MS SO,,Lumpkin County SO (GA)
Stone County MS SO,,Lumpkin County SO (GA)
St. Peters MO PD,,Lumpkin County SO (GA)
Orting WA PD,,Lumpkin County SO (GA)
Calumet Park IL PD,,Lumpkin County SO (GA)
White Pine TN PD,,Lumpkin County SO (GA)
Herrin IL PD,,Lumpkin County SO (GA)
Bessemer AL PD,,Lumpkin County SO (GA)
Marion IL PD,,Lumpkin County SO (GA)
Danville IN PD,,Lumpkin County SO (GA)
Zionsville IN PD,,Lumpkin County SO (GA)
Omega GA PD ,,Lumpkin County SO (GA)
Washington County OH SO,,Lumpkin County SO (GA)
Pitt County NC SO,,Lumpkin County SO (GA)
Hazleton PA PD,,Lumpkin County SO (GA)
Brent AL PD,,Lumpkin County SO (GA)
Orleans Levee District PD,,Lumpkin County SO (GA)
Sun Valley PD ID ,,Lumpkin County SO (GA)
Calhoun County SC SO,,Lumpkin County SO (GA)
Oneonta AL PD,,Lumpkin County SO (GA)
Smyth County VA SO,,Lumpkin County SO (GA)
Memphis Intl Airport,,Lumpkin County SO (GA)
Castle Shannon PA PD,,Lumpkin County SO (GA)
Rock County WI SO,,Lumpkin County SO (GA)
Highland Heights KY PD,,Lumpkin County SO (GA)
Kill Devil Hills NC PD,,Lumpkin County SO (GA)
Mahoning Twp PA PD,,Lumpkin County SO (GA)
Independence KY PD,,Lumpkin County SO (GA)
Alabama Department of Corrections,,Lumpkin County SO (GA)
Davidson County NC SO,,Lumpkin County SO (GA)
Rockingham NC PD,,Lumpkin County SO (GA)
Trousdale County TN SO,,Lumpkin County SO (GA)
Sterling Heights MI PD,,Lumpkin County SO (GA)
Taylor County GA SO ,,Lumpkin County SO (GA)
White House TN PD,,Lumpkin County SO (GA)
Morgan County AL SO,,Lumpkin County SO (GA)
Columbus NC PD,,Lumpkin County SO (GA)
Independence OH PD,,Lumpkin County SO (GA)
Oxford PD - OH,,Lumpkin County SO (GA)
Wayne County TN SO,,Lumpkin County SO (GA)
Morgan County IL SO,,Lumpkin County SO (GA)
Baker County FL SO,,Lumpkin County SO (GA)
Sullivan  IL PD,,Lumpkin County SO (GA)
Bethel Park PA PD,,Lumpkin County SO (GA)
TN ROCIC,,Lumpkin County SO (GA)
Helen GA PD,,Lumpkin County SO (GA)
Lithopolis OH PD,,Lumpkin County SO (GA)
Oregon OH PD,,Lumpkin County SO (GA)
Lake Wales FL PD,,Lumpkin County SO (GA)
Greene County IN SO,,Lumpkin County SO (GA)
Ligonier IN PD,,Lumpkin County SO (GA)
Del City OK PD,,Lumpkin County SO (GA)
Windsor- IL- PD,,Lumpkin County SO (GA)
Moundville AL PD,,Lumpkin County SO (GA)
Casa Grande AZ PD,,Lumpkin County SO (GA)
Crainville IL PD ,,Lumpkin County SO (GA)
Pembroke Pines FL PD,,Lumpkin County SO (GA)
Norwalk OH PD,,Lumpkin County SO (GA)
Wichita Falls TX PD ,,Lumpkin County SO (GA)
Blountsville AL PD,,Lumpkin County SO (GA)
Nassau County FL SO,,Lumpkin County SO (GA)
Talbot County GA SO,,Lumpkin County SO (GA)
Smithfield NC PD,,Lumpkin County SO (GA)
Sauk Village IL PD,,Lumpkin County SO (GA)
Monroe County TN SO,,Lumpkin County SO (GA)
Tallapoosa GA PD,,Lumpkin County SO (GA)
Sherman IL PD,,Lumpkin County SO (GA)
New Knoxville OH PD,,Lumpkin County SO (GA)
Wapakoneta OH PD,,Lumpkin County SO (GA)
Florida Department of Law Enforcement (FDLE),,Lumpkin County SO (GA)
[Federal] Wright Patterson OH Air Force Base,,Lumpkin County SO (GA)
Whitewater WI PD,,Lumpkin County SO (GA)
MS - Raymond PD,,Lumpkin County SO (GA)
Westfield IN PD,,Lumpkin County SO (GA)
Robstown TX PD,,Lumpkin County SO (GA)
Idaho State Police ID,,Lumpkin County SO (GA)
Russellville KY PD,,Lumpkin County SO (GA)
SC - Yemassee PD,,Lumpkin County SO (GA)
Clinton CT PD,,Lumpkin County SO (GA)
Santa Rosa County FL SO,,Lumpkin County SO (GA)
LaGrange GA PD,,Lumpkin County SO (GA)
Summit IL PD,,Lumpkin County SO (GA)
Holmes County FL SO,,Lumpkin County SO (GA)
Taylorsville NC PD,,Lumpkin County SO (GA)
Holbrook MA PD,,Lumpkin County SO (GA)
Union County SC SO,,Lumpkin County SO (GA)
Cook County GA SO,,Lumpkin County SO (GA)
Twiggs County GA SO ,,Lumpkin County SO (GA)
Bleckley County GA SO,,Lumpkin County SO (GA)
Office of Commissioner of Insurance and Safety Fire (GA),,Lumpkin County SO (GA)
Wilkes County GA SO,,Lumpkin County SO (GA)
Troy OH PD,,Lumpkin County SO (GA)
Hamilton Township OH PD,,Lumpkin County SO (GA)
Union Township PD (Clermont Co) - OH,,Lumpkin County SO (GA)
University Circle OH PD,,Lumpkin County SO (GA)
Tipton County TN SO,,Lumpkin County SO (GA)
Mayfield KY PD,,Lumpkin County SO (GA)
Cass County IN SO,,Lumpkin County SO (GA)
Bowling Green OH PD,,Lumpkin County SO (GA)
Fairmont State University WV PD,,Lumpkin County SO (GA)
Homestead PA PD,,Lumpkin County SO (GA)
Dekalb County GA DOT,,Lumpkin County SO (GA)
Stillwater MN PD,,Lumpkin County SO (GA)
Scotch Plains NJ PD,,Lumpkin County SO (GA)
Cocoa FL PD,,Lumpkin County SO (GA)
Clovis NM PD,,Lumpkin County SO (GA)
Wilmette IL PD ,,Lumpkin County SO (GA)
Tallahassee FL PD,,Lumpkin County SO (GA)
Florida State University Campus PD FL,,Lumpkin County SO (GA)
Boynton Beach FL PD,,Lumpkin County SO (GA)
Lake City FL PD,,Lumpkin County SO (GA)
Holland TX PD ,,Lumpkin County SO (GA)
Kansas City MO PD,,Lumpkin County SO (GA)
Manchester MO PD,,Lumpkin County SO (GA)
Clay County NC SO,,Lumpkin County SO (GA)
Clinton Township MI PD,,Lumpkin County SO (GA)
Cocoa Beach FL PD,,Lumpkin County SO (GA)
Shenandoah County VA SO,,Lumpkin County SO (GA)
Fairlawn OH PD,,Lumpkin County SO (GA)
Shreveport LA PD,,Lumpkin County SO (GA)
Manila AR PD,,Lumpkin County SO (GA)
Hunting Valley OH PD,,Lumpkin County SO (GA)
Anderson SC PD,,Lumpkin County SO (GA)
Hueytown AL PD,,Lumpkin County SO (GA)
Kenton County KY SO,,Lumpkin County SO (GA)
Amarillo TX PD,,Lumpkin County SO (GA)
Henry County AL SO,,Lumpkin County SO (GA)
Flora- IL - PD,,Lumpkin County SO (GA)
Justice IL PD,,Lumpkin County SO (GA)
Saline County IL SO,,Lumpkin County SO (GA)
Elloree SC PD,,Lumpkin County SO (GA)
Wheeler County NE SO ,,Lumpkin County SO (GA)
Las Vegas NM PD,,Lumpkin County SO (GA)
Dougherty County GA SO,,Lumpkin County SO (GA)
Auburn NY PD,,Lumpkin County SO (GA)
Monroe NC PD,,Lumpkin County SO (GA)
Parke County IN SO,,Lumpkin County SO (GA)
Chilton County AL SO,,Lumpkin County SO (GA)
Fairmont WV PD,,Lumpkin County SO (GA)
Macon County GA SO,,Lumpkin County SO (GA)
Johnstown PA PD,,Lumpkin County SO (GA)
Logansport IN PD,,Lumpkin County SO (GA)
Huntingburg IN PD,,Lumpkin County SO (GA)
OH - U.S.23 Major Crimes Task Force,,Lumpkin County SO (GA)
Chattooga County GA SO,,Lumpkin County SO (GA)
Richmond KY PD,,Lumpkin County SO (GA)
Bellevue OH PD,,Lumpkin County SO (GA)
Asheville NC PD,,Lumpkin County SO (GA)
Ohio Department of Rehabilitation and Correction - Office of the Chief Inspector,,Lumpkin County SO (GA)
Kaysville UT PD,,Lumpkin County SO (GA)
Southern Regl PA PD,,Lumpkin County SO (GA)
Plymouth PD IN,,Lumpkin County SO (GA)
Benton County WA SO,,Lumpkin County SO (GA)
Summit County Sheriff's Office (CO),,Lumpkin County SO (GA)
Wake Forest NC PD,,Lumpkin County SO (GA)
Jack County TX SO,,Lumpkin County SO (GA)
Chanute KS PD,,Lumpkin County SO (GA)
Scarborough ME PD,,Lumpkin County SO (GA)
Wilton CT PD,,Lumpkin County SO (GA)
Mount Vernon OH PD,,Lumpkin County SO (GA)
Town of Newburgh NY PD,,Lumpkin County SO (GA)
Nassau County NY PD,,Lumpkin County SO (GA)
Butler Township PA PD,,Lumpkin County SO (GA)
Othello WA PD,,Lumpkin County SO (GA)
Old Fort NC PD ,,Lumpkin County SO (GA)
Lea County NM SO,,Lumpkin County SO (GA)
Vernon County WI SO,,Lumpkin County SO (GA)
Cullman AL PD,,Lumpkin County SO (GA)
Branson MO PD,,Lumpkin County SO (GA)
University of Central Missouri PD,,Lumpkin County SO (GA)
Morris IL PD,,Lumpkin County SO (GA)
Columbia County WI SO,,Lumpkin County SO (GA)
Mount Zion GA PD,,Lumpkin County SO (GA)
North Wilkesboro NC PD,,Lumpkin County SO (GA)
MOCIC ,,Lumpkin County SO (GA)
Chattahoochee FL PD,,Lumpkin County SO (GA)
Port Fourchon Harbor LA PD,,Lumpkin County SO (GA)
Sheboygan WI PD,,Lumpkin County SO (GA)
Texas Department of Criminal Justice,,Lumpkin County SO (GA)
New Castle County DE PD,,Lumpkin County SO (GA)
Prescott AZ PD,,Lumpkin County SO (GA)
Maple Heights OH PD,,Lumpkin County SO (GA)
Carbondale IL PD,,Lumpkin County SO (GA)
St. Augustine FL PD,,Lumpkin County SO (GA)
Gas City IN PD,,Lumpkin County SO (GA)
Williamson Co. IL SO,,Lumpkin County SO (GA)
Hoover AL PD,,Lumpkin County SO (GA)
Marshall TX PD,,Lumpkin County SO (GA)
Regional Vehicle Burglary Suppression Taskforce TX,,Lumpkin County SO (GA)
Onondaga County NY SO ,,Lumpkin County SO (GA)
Pottawattamie County IA SO ,,Lumpkin County SO (GA)
Douglas County NV SO,,Lumpkin County SO (GA)
Bourbon County KS SO,,Lumpkin County SO (GA)
Niagara Frontier Transit Authority (NFTA) PD,,Lumpkin County SO (GA)
Caldwell CO TX SO ,,Lumpkin County SO (GA)
City of Cumming - City Center GA,,Lumpkin County SO (GA)
Jackson Parish LA SO,,Lumpkin County SO (GA)
Carterville IL PD,,Lumpkin County SO (GA)
Goodyear AZ PD,,Lumpkin County SO (GA)
York ME PD,,Lumpkin County SO (GA)
IA - Storm Lake PD,,Lumpkin County SO (GA)
Grand Haven MI DPS,,Lumpkin County SO (GA)
TX - Vidor PD ,,Lumpkin County SO (GA)
California Highway Patrol,,Lumpkin County SO (GA)
Lowell MA PD,,Lumpkin County SO (GA)
Cairo GA PD ,,Lumpkin County SO (GA)
Eastpointe MI PD,,Lumpkin County SO (GA)
Peoria IL PD,,Lumpkin County SO (GA)
Bayfield County WI SO,,Lumpkin County SO (GA)
Sarpy County NE SO,,Lumpkin County SO (GA)
Somerset MA PD,,Lumpkin County SO (GA)
Shelbyville TN PD,,Lumpkin County SO (GA)
Junction City KS PD,,Lumpkin County SO (GA)
Killeen TX PD,,Lumpkin County SO (GA)
Bellevue KY PD,,Lumpkin County SO (GA)
Wapello County IA SO,,Lumpkin County SO (GA)
Lufkin TX PD,,Lumpkin County SO (GA)
Richardson TX PD,,Lumpkin County SO (GA)
DuPage Co IL Prosecutor Office,,Lumpkin County SO (GA)
Glastonbury CT PD,,Lumpkin County SO (GA)
Harrison County SO MS,,Lumpkin County SO (GA)
South Carolina Law Enforcement Division - SLED,,Lumpkin County SO (GA)
Terre Haute IN PD,,Lumpkin County SO (GA)
Wabash IN PD,,Lumpkin County SO (GA)
Defiance County OH SO,,Lumpkin County SO (GA)
Sharonville OH PD,,Lumpkin County SO (GA)
University of South Florida FL PD,,Lumpkin County SO (GA)
Wrightsville Beach NC PD,,Lumpkin County SO (GA)
Georgetown IN PD,,Lumpkin County SO (GA)
Lexington NE PD,,Lumpkin County SO (GA)
Garden City MI PD,,Lumpkin County SO (GA)
St Mary Parish LA SO,,Lumpkin County SO (GA)
[Federal] Natchez Trace Parkway MS - National Park Service,,Lumpkin County SO (GA)
Republic MO PD,,Lumpkin County SO (GA)
Missouri Information Analysis Center,,Lumpkin County SO (GA)
Mount Morris Township PD MI,,Lumpkin County SO (GA)
Wabaunsee County SO (KS),,Lumpkin County SO (GA)
Smith County TX SO,,Lumpkin County SO (GA)
Fairfield CA PD,,Lumpkin County SO (GA)
Sachse TX PD,,Lumpkin County SO (GA)
Harrisonville MO PD,,Lumpkin County SO (GA)
Friendswood TX PD,,Lumpkin County SO (GA)
Pawnee County KS SO,,Lumpkin County SO (GA)
Raytown MO PD,,Lumpkin County SO (GA)
Griffith IN PD,,Lumpkin County SO (GA)
New York State Police NY,,Lumpkin County SO (GA)
Schuyler Co. IL SO,,Lumpkin County SO (GA)
Bixby OK PD,,Lumpkin County SO (GA)
Utah County UT SO - Vineyard PD,,Lumpkin County SO (GA)
Auburn CA PD,,Lumpkin County SO (GA)
Humble TX PD,,Lumpkin County SO (GA)
Tompkins County NY Sheriff's Office,,Lumpkin County SO (GA)
AR - Alma PD,,Lumpkin County SO (GA)
Miami-Dade FL SO,,Lumpkin County SO (GA)
Clover SC PD,,Lumpkin County SO (GA)
Apex NC PD,,Lumpkin County SO (GA)
Spotsylvania County VA SO,,Lumpkin County SO (GA)
Spring City TN PD,,Lumpkin County SO (GA)
Toronto OH PD,,Lumpkin County SO (GA)
West Terre Haute IN PD,,Lumpkin County SO (GA)
Salem IL PD,,Lumpkin County SO (GA)
Gilchrist County FL SO,,Lumpkin County SO (GA)
Johnson City TN PD,,Lumpkin County SO (GA)
University of Tennessee TN PD,,Lumpkin County SO (GA)
Evendale OH PD,,Lumpkin County SO (GA)
Clinton TN PD,,Lumpkin County SO (GA)
Miami County OH SO,,Lumpkin County SO (GA)
Trenton OH PD,,Lumpkin County SO (GA)
Madeira OH PD,,Lumpkin County SO (GA)
Tennessee Valley Authority Police,,Lumpkin County SO (GA)
Giles County TN SO,,Lumpkin County SO (GA)
Monroe OH PD,,Lumpkin County SO (GA)
Edison State Community College,,Lumpkin County SO (GA)
Longboat Key FL PD,,Lumpkin County SO (GA)
Dayton PD - OH,,Lumpkin County SO (GA)
Vienna WV PD,,Lumpkin County SO (GA)
Peru IN PD,,Lumpkin County SO (GA)
Woodruff SC PD ,,Lumpkin County SO (GA)
Bardstown PD KY,,Lumpkin County SO (GA)
Milton IN PD,,Lumpkin County SO (GA)
ECU Health NC PD,,Lumpkin County SO (GA)
Ogle County IL SO,,Lumpkin County SO (GA)
Chatham County NC SO,,Lumpkin County SO (GA)
Harvey County KS SO,,Lumpkin County SO (GA)
Normal IL PD ,,Lumpkin County SO (GA)
Quincy IL PD,,Lumpkin County SO (GA)
Harper County KS SO,,Lumpkin County SO (GA)
River Falls WI PD,,Lumpkin County SO (GA)
Hutchinson KS PD,,Lumpkin County SO (GA)
Warren MI PD,,Lumpkin County SO (GA)
Lehigh County PA (RIIC),,Lumpkin County SO (GA)
Wixom MI PD,,Lumpkin County SO (GA)
Mequon WI PD,,Lumpkin County SO (GA)
New Canaan CT PD,,Lumpkin County SO (GA)
Cole County MO SO,,Lumpkin County SO (GA)
Wilson County TN SO,,Lumpkin County SO (GA)
Freeport ME PD,,Lumpkin County SO (GA)
NE - Colfax Co SO,,Lumpkin County SO (GA)
Jackson MS PD,,Lumpkin County SO (GA)
Luzerne County PA DA's Office,,Lumpkin County SO (GA)
Seward County NE SO,,Lumpkin County SO (GA)
Macomb IL PD,,Lumpkin County SO (GA)
McKinney TX PD,,Lumpkin County SO (GA)
Medina Township OH PD,,Lumpkin County SO (GA)
Chester Township OH PD,,Lumpkin County SO (GA)
Boone County IL SO,,Lumpkin County SO (GA)
CO - Rangely PD,,Lumpkin County SO (GA)
Middlesex Township PA PD,,Lumpkin County SO (GA)
Covington County AL SO,,Lumpkin County SO (GA)
Decatur AL PD,,Lumpkin County SO (GA)
Muskego WI PD,,Lumpkin County SO (GA)
Pinellas County FL SO,,Lumpkin County SO (GA)
Ocean Springs MS PD,,Lumpkin County SO (GA)
Crowley TX PD,,Lumpkin County SO (GA)
North Little Rock AR PD,,Lumpkin County SO (GA)
New Smyrna Beach FL PD,,Lumpkin County SO (GA)
Pascagoula MS PD,,Lumpkin County SO (GA)
Gulf Shores AL PD,,Lumpkin County SO (GA)
Purcell OK PD,,Lumpkin County SO (GA)
 Germantown OH PD,,Lumpkin County SO (GA)
Flint MI PD,,Lumpkin County SO (GA)
Barbour County AL SO,,Lumpkin County SO (GA)
[Federal] US Park Police - Chattahoochee River NRA,,Lumpkin County SO (GA)
Brownsburg IN PD,,Lumpkin County SO (GA)
Griffin Judicial Circuit,,Lumpkin County SO (GA)
Elyria OH PD,,Lumpkin County SO (GA)
Herndon VA PD,,Lumpkin County SO (GA)
Lincoln County TN SO,,Lumpkin County SO (GA)
Flock Safety - Machine Learning Test,,Lumpkin County SO (GA)
Elmore County AL SO,,Lumpkin County SO (GA)
Hillsboro OH PD,,Lumpkin County SO (GA)
Molena GA PD,,Lumpkin County SO (GA)
MS - Yazoo City PD,,Lumpkin County SO (GA)
Hickory Creek TX PD,,Lumpkin County SO (GA)
Buford GA Department of Public Safety,,Lumpkin County SO (GA)
Bowling Green Warren County Drug Task Force KY,,Lumpkin County SO (GA)
South Daytona FL PD,,Lumpkin County SO (GA)
Macon County MO SO,,Lumpkin County SO (GA)
Romulus MI PD,,Lumpkin County SO (GA)
Clark Atlanta University GA PD,,Lumpkin County SO (GA)
McPherson County KS SO,,Lumpkin County SO (GA)
Marshall County AL SO,,Lumpkin County SO (GA)
Lonoke County AR SO,,Lumpkin County SO (GA)
Richmond VA PD,,Lumpkin County SO (GA)
Ohio Bureau of Criminal Investigation,,Lumpkin County SO (GA)
Wilson County NC SO,,Lumpkin County SO (GA)
Savannah State University PD ,,Lumpkin County SO (GA)
Mansfield TX PD,,Lumpkin County SO (GA)
Atlanta Public Schools GA PD,,Lumpkin County SO (GA)
Brooklyn OH PD,,Lumpkin County SO (GA)
Haywood County NC SO,,Lumpkin County SO (GA)
Michigan Department of Corrections (MDOC),,Lumpkin County SO (GA)
Bossier Parish LA SO,,Lumpkin County SO (GA)
Bowling Green KY PD,,Lumpkin County SO (GA)
Monroe MI PD,,Lumpkin County SO (GA)
OH - Middletown PD ,,Lumpkin County SO (GA)
OK - Washita County SO,,Lumpkin County SO (GA)
Hempstead Village NY PD,,Lumpkin County SO (GA)
Suffolk County NY SO,,Lumpkin County SO (GA)
Terrebonne Parish LA SO ,,Lumpkin County SO (GA)
Rogers AR PD,,Lumpkin County SO (GA)
Neshkoro WI PD,,Lumpkin County SO (GA)
Moultrie GA PD,,Lumpkin County SO (GA)
Clay County FL SO,,Lumpkin County SO (GA)
Rhea County TN SO,,Lumpkin County SO (GA)
Sauk Prairie WI PD,,Lumpkin County SO (GA)
Aurora IL PD,,Lumpkin County SO (GA)
Hillsborough County FL SO,,Lumpkin County SO (GA)
Boyd TX PD,,Lumpkin County SO (GA)
Grand Rapids MI PD,,Lumpkin County SO (GA)
White County AR SO ,,Lumpkin County SO (GA)
UNC Asheville NC PD,,Lumpkin County SO (GA)
Wetumpka AL PD,,Lumpkin County SO (GA)
Seminole County FL SO,,Lumpkin County SO (GA)
Gainesville FL PD,,Lumpkin County SO (GA)
Calloway County KY SO,,Lumpkin County SO (GA)
Thomasville AL PD,,Lumpkin County SO (GA)
Daphne AL PD,,Lumpkin County SO (GA)
Lady Lake FL PD,,Lumpkin County SO (GA)
DuPage County IL SO,,Lumpkin County SO (GA)
West Union PD SC,,Lumpkin County SO (GA)
Middle Tennessee State TN PD ,,Lumpkin County SO (GA)
Madison County MS SO ,,Lumpkin County SO (GA)
City of Willard MO PD,,Lumpkin County SO (GA)
Biltmore Forest NC PD,,Lumpkin County SO (GA)
Berkeley County SC SO,,Lumpkin County SO (GA)
Fairfax County VA PD,,Lumpkin County SO (GA)
Greenwood SC PD,,Lumpkin County SO (GA)
Montgomery County TN SO,,Lumpkin County SO (GA)
Robinson Township PA PD,,Lumpkin County SO (GA)
Powhatan County VA SO,,Lumpkin County SO (GA)
Jessamine County KY SO,,Lumpkin County SO (GA)
Overland MO PD,,Lumpkin County SO (GA)
DO NOT USE ,,Lumpkin County SO (GA)
Maury County TN SO,,Lumpkin County SO (GA)
University of Tennessee Health Science Center Memphis TN PD,,Lumpkin County SO (GA)
Shepherdsville KY PD,,Lumpkin County SO (GA)
Waxhaw NC PD,,Lumpkin County SO (GA)
Coral Springs FL PD,,Lumpkin County SO (GA)
Columbus County NC SO,,Lumpkin County SO (GA)
Whiteville NC PD,,Lumpkin County SO (GA)
Charlestown PD IN,,Lumpkin County SO (GA)
Van Buren County TN SO,,Lumpkin County SO (GA)
Virden IL PD,,Lumpkin County SO (GA)
Mt. Washington KY PD,,Lumpkin County SO (GA)
Weber City VA PD,,Lumpkin County SO (GA)
Plaquemines Parish LA SO,,Lumpkin County SO (GA)
St. Martin Parish LA SO,,Lumpkin County SO (GA)
Lee County IL SO,,Lumpkin County SO (GA)
Aviston IL PD,,Lumpkin County SO (GA)
Glen Cove NY PD,,Lumpkin County SO (GA)
Franklin County PA SO,,Lumpkin County SO (GA)
Kenosha WI PD,,Lumpkin County SO (GA)
Wilton Manors FL PD,,Lumpkin County SO (GA)
Newport KY PD,,Lumpkin County SO (GA)
Grand Chute WI PD,,Lumpkin County SO (GA)
Dearborn MI PD,,Lumpkin County SO (GA)
Dover DE PD,,Lumpkin County SO (GA)
Reeves CO TX SO,,Lumpkin County SO (GA)
Skokie IL PD,,Lumpkin County SO (GA)
Fayetteville NC PD,,Lumpkin County SO (GA)
Wynne School District 9 AR PD,,Lumpkin County SO (GA)
Clarksville VA PD,,Lumpkin County SO (GA)
Hillsborough NC PD,,Lumpkin County SO (GA)
Jesup GA PD,,Lumpkin County SO (GA)
Prattville AL PD,,Lumpkin County SO (GA)
OH - Jefferson County Drug Task Force,,Lumpkin County SO (GA)
West City IL PD ,,Lumpkin County SO (GA)
Northampton County VA SO,,Lumpkin County SO (GA)
Dickenson County VA SO,,Lumpkin County SO (GA)
Grady County GA SO,,Lumpkin County SO (GA)
Virginia State Police,,Lumpkin County SO (GA)
Osceola County FL SO,,Lumpkin County SO (GA)
Greenwood IN PD,,Lumpkin County SO (GA)
Moore County NC SO,,Lumpkin County SO (GA)
West Virginia Fusion Center (WV),,Lumpkin County SO (GA)
Flagler County FL SO,,Lumpkin County SO (GA)
Town of West Blocton AL PD,,Lumpkin County SO (GA)
Metropolitan Washington DC PD,,Lumpkin County SO (GA)
White County IL SO,,Lumpkin County SO (GA)
Dixie County FL SO,,Lumpkin County SO (GA)
Florida Office of Agriculture Law Enforcement,,Lumpkin County SO (GA)
Piperton TN PD,,Lumpkin County SO (GA)
Branchville SC PD,,Lumpkin County SO (GA)
University of Kentucky,,Lumpkin County SO (GA)
Pratt County KS SO,,Lumpkin County SO (GA)
Mohave County AZ SO,,Lumpkin County SO (GA)
Glen Carbon IL PD,,Lumpkin County SO (GA)
Arlington PD (WA),,Lumpkin County SO (GA)
Allen County IN SO,,Lumpkin County SO (GA)
Crawford Town NY PD,,Lumpkin County SO (GA)
Cheyenne WY PD,,Lumpkin County SO (GA)
Crowell TX PD,,Lumpkin County SO (GA)
Westworth Village TX PD,,Lumpkin County SO (GA)
Mill Creek WA PD,,Lumpkin County SO (GA)
Hoke County NC SO,,Lumpkin County SO (GA)
Seguin TX PD,,Lumpkin County SO (GA)
Auburn ME PD,,Lumpkin County SO (GA)
Town of Groton CT PD,,Lumpkin County SO (GA)
Joplin MO PD,,Lumpkin County SO (GA)
Georgetown KY PD,,Lumpkin County SO (GA)
Tangipahoa Parish LA SO,,Lumpkin County SO (GA)
Goose Creek SC PD ,,Lumpkin County SO (GA)
North Manchester IN PD ,,Lumpkin County SO (GA)
Madison AL PD,,Lumpkin County SO (GA)
Pittsburgh PA PD,,Lumpkin County SO (GA)
Sandusky OH PD,,Lumpkin County SO (GA)
Alexander County NC SO,,Lumpkin County SO (GA)
Talladega County AL SO,,Lumpkin County SO (GA)
Bellefontaine PD - OH ,,Lumpkin County SO (GA)
Bridgeton MO PD,,Lumpkin County SO (GA)
Troy AL PD,,Lumpkin County SO (GA)
Bloomington IL PD,,Lumpkin County SO (GA)
Rockwood TN PD,,Lumpkin County SO (GA)
Pine Hill AL PD,,Lumpkin County SO (GA)
Pembroke NC PD,,Lumpkin County SO (GA)
Colonial Beach VA PD,,Lumpkin County SO (GA)
Limestone County AL SO ,,Lumpkin County SO (GA)
Halifax County NC SO,,Lumpkin County SO (GA)
Montgomery County VA SO,,Lumpkin County SO (GA)
Harrison OH PD,,Lumpkin County SO (GA)
Fort Pierce FL PD,,Lumpkin County SO (GA)
Richfield OH PD,,Lumpkin County SO (GA)
Buffalo County WI SO,,Lumpkin County SO (GA)
Phelps County NE SO,,Lumpkin County SO (GA)
Vienna VA PD,,Lumpkin County SO (GA)
Riviera Beach FL PD,,Lumpkin County SO (GA)
Pennsylvania State PD,,Lumpkin County SO (GA)
Windsor CO PD,,Lumpkin County SO (GA)
Mont Belvieu TX PD ,,Lumpkin County SO (GA)
McDonough County IL SO,,Lumpkin County SO (GA)
Dodge City KS PD,,Lumpkin County SO (GA)
Marshall County MS SO,,Lumpkin County SO (GA)
Kingston TN PD,,Lumpkin County SO (GA)
Lebanon KY PD,,Lumpkin County SO (GA)
Bryant AR PD,,Lumpkin County SO (GA)
Lawrenceville VA PD,,Lumpkin County SO (GA)
Springfield GA PD,,Lumpkin County SO (GA)
Winterville NC PD,,Lumpkin County SO (GA)
Goodlettsville TN PD,,Lumpkin County SO (GA)
Lineville AL PD,,Lumpkin County SO (GA)
Chipley FL PD,,Lumpkin County SO (GA)
Hartsville SC PD,,Lumpkin County SO (GA)
Urbana OH PD,,Lumpkin County SO (GA)
Ashland County OH SO,,Lumpkin County SO (GA)
Louisiana State Police (LA),,Lumpkin County SO (GA)
Washington County WI SO,,Lumpkin County SO (GA)
Jackson WI PD,,Lumpkin County SO (GA)
Marshall County Drug Task Force WV,,Lumpkin County SO (GA)
Alachua County FL SO,,Lumpkin County SO (GA)
Stevens Point WI PD,,Lumpkin County SO (GA)
Nebraska State Patrol,,Lumpkin County SO (GA)
Menomonee Falls WI PD,,Lumpkin County SO (GA)
El Cajon CA PD,,Lumpkin County SO (GA)
Bienville Parish LA SO ,,Lumpkin County SO (GA)
Avery County NC SO,,Lumpkin County SO (GA)
Sioux City IA PD,,Lumpkin County SO (GA)
Brighton CO PD,,Lumpkin County SO (GA)
Grove City OH PD,,Lumpkin County SO (GA)
Bay St. Louis MS PD,,Lumpkin County SO (GA)
Johnson County TN SO,,Lumpkin County SO (GA)
Rowan County NC SO,,Lumpkin County SO (GA)
Norfolk Southern RR IL PD,,Lumpkin County SO (GA)
AL - Andalusia PD,,Lumpkin County SO (GA)
Ouachita Parish LA SO,,Lumpkin County SO (GA)
Nags Head NC PD,,Lumpkin County SO (GA)
Sarasota County FL SO,,Lumpkin County SO (GA)
Tulsa County OK SO ,,Lumpkin County SO (GA)
Harlan County NE SO ,,Lumpkin County SO (GA)
Hinckley IL PD,,Lumpkin County SO (GA)
Grosse Tete LA PD,,Lumpkin County SO (GA)
Ashville AL PD,,Lumpkin County SO (GA)
Johnston City IL PD,,Lumpkin County SO (GA)
Gulfport MS PD,,Lumpkin County SO (GA)
North Carolina State Bureau of Investigation (NCSBI),,Lumpkin County SO (GA)
Southern Shores NC PD,,Lumpkin County SO (GA)
Ellsworth County KS SO,,Lumpkin County SO (GA)
Olive Branch MS PD,,Lumpkin County SO (GA)
Ada County ID SO,,Lumpkin County SO (GA)
Johnson County TX SO,,Lumpkin County SO (GA)
Chaffee County CO SO,,Lumpkin County SO (GA)
Cumberland County PA DA,,Lumpkin County SO (GA)
Kenner LA PD,,Lumpkin County SO (GA)
Houston Arson Bureau TX,,Lumpkin County SO (GA)
Walton County FL SO,,Lumpkin County SO (GA)
Granbury TX PD,,Lumpkin County SO (GA)
Fairmont NC PD,,Lumpkin County SO (GA)
Franklin County VA SO,,Lumpkin County SO (GA)
VA - George Mason University Campus PD,,Lumpkin County SO (GA)
CSX Railroad PD,,Lumpkin County SO (GA)
Wyandot County OH SO,,Lumpkin County SO (GA)
Chesterfield MO PD,,Lumpkin County SO (GA)
New Albany OH PD,,Lumpkin County SO (GA)
Knox County IN SO,,Lumpkin County SO (GA)
Riverton IL PD ,,Lumpkin County SO (GA)
Enon OH PD,,Lumpkin County SO (GA)
Mathews County VA SO,,Lumpkin County SO (GA)
Shelby County AL SO,,Lumpkin County SO (GA)
Pinebluff NC PD,,Lumpkin County SO (GA)
Wellford SC PD,,Lumpkin County SO (GA)
Lee County SC SO,,Lumpkin County SO (GA)
Lakewood OH PD,,Lumpkin County SO (GA)
Oviedo FL PD,,Lumpkin County SO (GA)
James City County VA PD,,Lumpkin County SO (GA)
Paulding County OH SO,,Lumpkin County SO (GA)
Cleveland MS PD,,Lumpkin County SO (GA)
Cheraw SC PD,,Lumpkin County SO (GA)
Gulfport FL PD,,Lumpkin County SO (GA)
Daytona Beach FL PD,,Lumpkin County SO (GA)
Fayette County IL SO ,,Lumpkin County SO (GA)
Gastonia NC PD,,Lumpkin County SO (GA)
Van Wert OH PD,,Lumpkin County SO (GA)
Madison MS PD,,Lumpkin County SO (GA)
Macon County IL SO,,Lumpkin County SO (GA)
Houston County AL SO,,Lumpkin County SO (GA)
Cedar Bluff VA PD,,Lumpkin County SO (GA)
St. Cloud FL PD,,Lumpkin County SO (GA)
Shinnston WV PD,,Lumpkin County SO (GA)
Chester County SC SO,,Lumpkin County SO (GA)
Murfreesboro TN PD,,Lumpkin County SO (GA)
Bluffton SC PD ,,Lumpkin County SO (GA)
Mauldin SC PD,,Lumpkin County SO (GA)
Capitol Heights MD PD,,Lumpkin County SO (GA)
Ohio County SO WV,,Lumpkin County SO (GA)
Indiana HIDTA ,,Lumpkin County SO (GA)
Rockingham County VA SO,,Lumpkin County SO (GA)
Laurens County SC SO,,Lumpkin County SO (GA)
York County SC SO,,Lumpkin County SO (GA)
Cape Girardeau County MO SO,,Lumpkin County SO (GA)
Fort Walton Beach FL PD,,Lumpkin County SO (GA)
Metropolis IL PD,,Lumpkin County SO (GA)
Delaware County OH SO,,Lumpkin County SO (GA)
Morrisville NC PD,,Lumpkin County SO (GA)
New Hanover County NC SO,,Lumpkin County SO (GA)
Southern Illinois University IL PD ,,Lumpkin County SO (GA)
Marion County WV SO,,Lumpkin County SO (GA)
Fort Thomas KY PD,,Lumpkin County SO (GA)
Culpeper VA PD ,,Lumpkin County SO (GA)
Raeford NC PD,,Lumpkin County SO (GA)
Greensville County VA SO,,Lumpkin County SO (GA)
Society SC PD,,Lumpkin County SO (GA)
Evansville IN PD,,Lumpkin County SO (GA)
Conway AR PD,,Lumpkin County SO (GA)
Ballard County KY SO,,Lumpkin County SO (GA)
Mitchell County NC SO,,Lumpkin County SO (GA)
GA - MCS/OCU/Intelligence,,Lumpkin County SO (GA)
Jeffersonville IN PD,,Lumpkin County SO (GA)
Santa Ana CA PD,,Lumpkin County SO (GA)
Duquesne MO PD,,Lumpkin County SO (GA)
Austin County TX SO,,Lumpkin County SO (GA)
Salina KS PD,,Lumpkin County SO (GA)
Montgomery County TX SO,,Lumpkin County SO (GA)
South Dakota Division of Criminal Investigation SD ,,Lumpkin County SO (GA)
Argo AL PD,,Lumpkin County SO (GA)
La Vergne TN PD,,Lumpkin County SO (GA)
Waterville OH PD,,Lumpkin County SO (GA)
Village of Clearview WV PD,,Lumpkin County SO (GA)
West Chester OH PD,,Lumpkin County SO (GA)
Altoona IA PD,,Lumpkin County SO (GA)
Opelika AL PD,,Lumpkin County SO (GA)
Guntersville AL PD,,Lumpkin County SO (GA)
Boardman Township OH PD,,Lumpkin County SO (GA)
Jasper County SC SO,,Lumpkin County SO (GA)
St. Ann MO PD,,Lumpkin County SO (GA)
OH - Highland County SO,,Lumpkin County SO (GA)
Clinton County SO - OH,,Lumpkin County SO (GA)
Wyoming OH PD,,Lumpkin County SO (GA)
Fayetteville TN PD,,Lumpkin County SO (GA)
Panama City FL PD,,Lumpkin County SO (GA)
Batavia OH PD,,Lumpkin County SO (GA)
CVG Airport KY PD,,Lumpkin County SO (GA)
East Ellijay GA PD ,,Lumpkin County SO (GA)
Rutherfordton NC PD ,,Lumpkin County SO (GA)
Gwinnett County School PD,,Lumpkin County SO (GA)
New Kent County VA SO,,Lumpkin County SO (GA)
Trussville AL PD,,Lumpkin County SO (GA)
Robertson County TN SO,,Lumpkin County SO (GA)
Maplewood MO PD,,Lumpkin County SO (GA)
Mt. Juliet TN PD,,Lumpkin County SO (GA)
Kingsland GA PD,,Lumpkin County SO (GA)
Clark County OH SO,,Lumpkin County SO (GA)
Wilkesboro NC PD,,Lumpkin County SO (GA)
Goshen TWP OH PD,,Lumpkin County SO (GA)
Indiana Department of Corrections,,Lumpkin County SO (GA)
OH - Sabina PD ,,Lumpkin County SO (GA)
Lanett AL PD,,Lumpkin County SO (GA)
Clemson University SC PD,,Lumpkin County SO (GA)
New Haven IN PD,,Lumpkin County SO (GA)
Raleigh NC PD,,Lumpkin County SO (GA)
Ohio State Highway Patrol,,Lumpkin County SO (GA)
Greene County OH SO,,Lumpkin County SO (GA)
Munford AL PD ,,Lumpkin County SO (GA)
Rockport IN PD,,Lumpkin County SO (GA)
Mountain Home AR PD,,Lumpkin County SO (GA)
Campbell County VA SO,,Lumpkin County SO (GA)
Reidsville NC PD,,Lumpkin County SO (GA)
Montgomery County IN SO,,Lumpkin County SO (GA)
Loudoun County VA SO,,Lumpkin County SO (GA)
Panola County MS SO,,Lumpkin County SO (GA)
Gahanna OH PD,,Lumpkin County SO (GA)
Georgia State Patrol GA PD,,Lumpkin County SO (GA)
Vandalia IL PD ,,Lumpkin County SO (GA)
Olmsted Township OH PD,,Lumpkin County SO (GA)
Caswell County NC SO,,Lumpkin County SO (GA)
Blount County Commission (AL),,Lumpkin County SO (GA)
Crestview FL PD,,Lumpkin County SO (GA)
Oconee County SC SO,,Lumpkin County SO (GA)
Woodstock VA PD,,Lumpkin County SO (GA)
Lenoir NC PD,,Lumpkin County SO (GA)
Monongalia WV County SO,,Lumpkin County SO (GA)
Seneca SC PD,,Lumpkin County SO (GA)
Wilmington OH PD,,Lumpkin County SO (GA)
Lancaster SC PD,,Lumpkin County SO (GA)
McCracken County KY SO,,Lumpkin County SO (GA)
Eau Claire County WI SO,,Lumpkin County SO (GA)
Carson County TX SO ,,Lumpkin County SO (GA)
Pottawatomie County KS SO,,Lumpkin County SO (GA)
Cedar County IA SO,,Lumpkin County SO (GA)
Neosho County KS SO,,Lumpkin County SO (GA)
Summerset SD PD,,Lumpkin County SO (GA)
Midlothian IL PD,,Lumpkin County SO (GA)
Ankeny IA PD,,Lumpkin County SO (GA)
Kettering OH PD ,,Lumpkin County SO (GA)
Gwinnett County DAs Office,,Lumpkin County SO (GA)
Benton AR PD,,Lumpkin County SO (GA)
Georgia Attorney General's Office  - GA,,Lumpkin County SO (GA)
Newberry County SC SO ,,Lumpkin County SO (GA)
Clinton SC PD,,Lumpkin County SO (GA)
Oakboro NC PD,,Lumpkin County SO (GA)
Jacksonville IL PD,,Lumpkin County SO (GA)
Mississippi Department of Public Safety,,Lumpkin County SO (GA)
Pineville NC PD,,Lumpkin County SO (GA)
Screven GA PD,,Lumpkin County SO (GA)
Hanover Park IL PD ,,Lumpkin County SO (GA)
Lantana FL PD,,Lumpkin County SO (GA)
Ashland OH PD,,Lumpkin County SO (GA)
St. John Parish LA SO,,Lumpkin County SO (GA)
Hamilton County OH SO,,Lumpkin County SO (GA)
Lauderdale County MS SO,,Lumpkin County SO (GA)
MS - Senatobia PD,,Lumpkin County SO (GA)
Washington County MD SO,,Lumpkin County SO (GA)
Loudon County TN SO,,Lumpkin County SO (GA)
Cabarrus County NC SO,,Lumpkin County SO (GA)
Brunswick County NC SO,,Lumpkin County SO (GA)
Charlotte Mecklenburg NC PD,,Lumpkin County SO (GA)
Burlington NC PD,,Lumpkin County SO (GA)
Rutherford County NC SO,,Lumpkin County SO (GA)
Tuscarawas County OH SO,,Lumpkin County SO (GA)
Owensboro KY PD,,Lumpkin County SO (GA)
Brookville OH PD,,Lumpkin County SO (GA)
Pinellas Park FL PD,,Lumpkin County SO (GA)
Colerain Township PD - OH ,,Lumpkin County SO (GA)
Holly Hill SC PD,,Lumpkin County SO (GA)
Foley AL PD,,Lumpkin County SO (GA)
Salem OH PD,,Lumpkin County SO (GA)
Dickson County TN SO,,Lumpkin County SO (GA)
Marion OH PD,,Lumpkin County SO (GA)
Luray VA PD,,Lumpkin County SO (GA)
Fredericksburg City VA PD,,Lumpkin County SO (GA)
West Mifflin PA PD,,Lumpkin County SO (GA)
Massillon OH PD,,Lumpkin County SO (GA)
Radcliff KY PD,,Lumpkin County SO (GA)
Marion NC PD,,Lumpkin County SO (GA)
Jackson County MS SO,,Lumpkin County SO (GA)
Warren County KY SO,,Lumpkin County SO (GA)
Muskingum County OH SO,,Lumpkin County SO (GA)
St. Charles Parish LA SO,,Lumpkin County SO (GA)
Clay County GA SO ,,Lumpkin County SO (GA)
Springboro OH PD,,Lumpkin County SO (GA)
Brevard County FL SO ,,Lumpkin County SO (GA)
Thomasville NC PD,,Lumpkin County SO (GA)
Hernando County FL SO,,Lumpkin County SO (GA)
Franklin County NC SO,,Lumpkin County SO (GA)
Camden County GA SO,,Lumpkin County SO (GA)
Delete,,Lumpkin County SO (GA)
Farmer City IL PD,,Lumpkin County SO (GA)
Indianapolis Metro PD IN,,Lumpkin County SO (GA)
Guernsey County OH SO,,Lumpkin County SO (GA)
Steele AL PD,,Lumpkin County SO (GA)
Montgomery County AL SO,,Lumpkin County SO (GA)
Lumpkin County SO GA,,Lumpkin County SO (GA)
Anderson County TN SO,,Lumpkin County SO (GA)
University of Illinois at Urbana-Champaign IL PD,,Lumpkin County SO (GA)
Decatur IL PD,,Lumpkin County SO (GA)
Madison County AL SO,,Lumpkin County SO (GA)
East Hampton Village NY PD,,Lumpkin County SO (GA)
Glencoe IL PD,,Lumpkin County SO (GA)
Fort Collins Police Services (FCPS),,Lumpkin County SO (GA)
Adams County IL SO,,Lumpkin County SO (GA)
Grandview MO PD,,Lumpkin County SO (GA)
Riverside County CA District Attorney,,Lumpkin County SO (GA)
Coffeyville KS PD,,Lumpkin County SO (GA)
Slinger WI PD,,Lumpkin County SO (GA)
Brookings SD PD,,Lumpkin County SO (GA)
Springfield MO PD,,Lumpkin County SO (GA)
Durango CO PD,,Lumpkin County SO (GA)
Henry County IL SO,,Lumpkin County SO (GA)
Roseville MI PD,,Lumpkin County SO (GA)
Pell City AL PD,,Lumpkin County SO (GA)
Newton County Schools GA,,Lumpkin County SO (GA)
Appling County GA SO,,Lumpkin County SO (GA)
North Olmsted OH PD,,Lumpkin County SO (GA)
Washington County District Attorney PA,,Lumpkin County SO (GA)
Shelbyville KY PD,,Lumpkin County SO (GA)
King George County VA SO,,Lumpkin County SO (GA)
IN- Noble County SO,,Lumpkin County SO (GA)
Seymour IN PD ,,Lumpkin County SO (GA)
Kemper County MS SO,,Lumpkin County SO (GA)
Decatur IN PD,,Lumpkin County SO (GA)
Canon GA PD,,Lumpkin County SO (GA)
Pendleton  SC PD,,Lumpkin County SO (GA)
Sunset Hills MO PD,,Lumpkin County SO (GA)
Lorain OH PD,,Lumpkin County SO (GA)
Schley County SO GA ,,Lumpkin County SO (GA)
Aurora OH PD ,,Lumpkin County SO (GA)
Pensacola FL PD,,Lumpkin County SO (GA)
Roanoke VA PD,,Lumpkin County SO (GA)
Coshocton County OH SO,,Lumpkin County SO (GA)
Glynn County GA SO,,Lumpkin County SO (GA)
Harrison County WV SO,,Lumpkin County SO (GA)
West Georgia Technical College (GA),,Lumpkin County SO (GA)
Rutherford County TN SO,,Lumpkin County SO (GA)
Edisto Beach SC PD,,Lumpkin County SO (GA)
Madisonville TN PD,,Lumpkin County SO (GA)
