Organization Name,Networks Shared With Me,Networks I'm Sharing
Martin County FL SO,Martin County FL SO,
Piperton TN PD,Piperton TN PD,
Dekalb County SO (GA),DeKalb County SO (GA),Powder Springs GA PD
Smyrna GA PD,"Smyrna GA PD (Flex),Smyrna GA PD DFR,Smyrna GA PD - GA DOT test,Smyrna GA PD,Smyrna GA PD (PTZ),Smyrna GA PD-Trailers",Powder Springs GA PD
Florence County SC SO,"Florence County SC SO (Flex),Florence County SC Sheriff's Office",
Villa Rica GA PD,"Villa Rica GA PD,Villa Rica GA PD (Flex)",Powder Springs GA PD
Marietta GA PD,"Marietta GA  - FlockOS Live Video,Marietta GA PD - Raven,Marietta GA PD - Falcon,Marietta GA PD - Condor,Marietta GA PD - Flex",Powder Springs GA PD
Jackson County GA SO,Jackson County GA SO,Powder Springs GA PD
Dunwoody GA PD,"Dunwoody GA PD - Car Crash Pilot,Dunwoody GA Parks,Dunwoody GA PD Flex,Dunwoody GA PD",Powder Springs GA PD
Cairo GA PD ,"Cairo GA PD (Condor),Cairo GA PD ",Powder Springs GA PD
Baldwin County GA SO,"Baldwin County GA SO,Baldwin County GA SO - RedSpeed,Baldwin County GA SO (Flex)",Powder Springs GA PD
Dawson GA PD,"Dawson GA PD (PTZ),Dawson GA PD ",Powder Springs GA PD
Senoia GA PD,"Senoia GA PD,Senoia Ga PD (Live Video) ",Powder Springs GA PD
Elon University NC PD,Elon University Campus PD,
Flock City PD - Law Enforcement Demo,"Tennessee Demo Cameras,DFR ALPR - Demo 3,DFR ALPR - Demo 8,DFR ALPR - Demo 7,Demo,DFR ALPR - Demo 6,LE Trailer Demo FF,Aviation ALPR Demo,Empty Now.     ,Grass Vally CA Demo ,Lookup Demo,DFR ALPR - Demo 1,DFR ALPR - Demo 5,Albany GA PD - Demo,DFR ALPR - Demo 2,Medford Trailer Temp Network",
Anderson County TN SO,Anderson County TN SO,
Georgia Southwestern State University Campus PD ,Georgia Southwestern State University Campus PD ,Powder Springs GA PD
Paulding County GA SO,Paulding County GA SO,Powder Springs GA PD
Emory University Campus PD GA,"Emory University Campus PD GA,Emory University Campus PD GA (Condor)",Powder Springs GA PD
Clayton NC PD ,"Clayton NC PD (Flex),Clayton NC PD",
Roswell GA PD,"Roswell GA PD - (RedSpeed),Roswell GA PD,Roswell GA PD (Flex),Roswell GA Wing ",Powder Springs GA PD
Etowah County AL SO,Etowah County AL SO,
Bowdon GA PD,Bowdon GA PD,
Forest Park GA PD,"Forest Park GA PD (Audio Detection),Forest Park GA PD - Redspeed,Forest Park GA PD",Powder Springs GA PD
Selma NC PD,Selma NC PD ,
Bluffton SC PD ,Bluffton SC PD ,
Griffin GA PD,"Griffin GA PD - Flex,Griffin GA PD - Falcon",Powder Springs GA PD
Fannin County GA SO,"Fannin County GA SO,Fannin County GA SO (FLEX) ",Powder Springs GA PD
Reinhardt University GA PD ,Reinhardt University GA PD ,Powder Springs GA PD
Morrow GA PD ,"Morrow GA PD - Redspeed,City of Morrow (GA)",Powder Springs GA PD
Wilson County NC SO,Wilson County NC SO,
Putnam County TN SO ,Putnam County TN SO ,
Acworth GA PD,"Acworth GA PD DFR,Acworth GA PD - Wing LPR,Acworth GA PD - Avigilon External Cams,Acworth GA PD,Acworth GA PD (Flex),Acworth GA PD - Avigilon Internal Cams ",Powder Springs GA PD
Jacksonville FL SO,"Jacksonville FL SO,Jacksonville FL SO (LR),Jacksonville FL SO (Flex)",
GA - Georgia Piedmont Technical College ,"Georgia Piedmont Technical College Campus PD ,GA - Georgia Piedmont Technical College (RAVEN)",Powder Springs GA PD
Wadley GA PD,"Wadley GA PD (Condor),Wadley GA PD",
Cherokee County AL SO,Cherokee County AL SO,
Heard County GA SO,Heard County GA SO,Powder Springs GA PD
Riverdale GA PD,"Riverdale GA PD - RedSpeed,Riverdale GA PD (Flex),Riverdale GA PD",Powder Springs GA PD
Lady Lake FL PD,"Lady Lake FL PD (Flex),Lady Lake FL PD",
Walton County GA SO,"Walton County GA SO,Walton County GA SO (Flex)",Powder Springs GA PD
Shelbyville TN PD,Shelbyville TN PD,
Liberty County FL SO,Liberty County FL SO,
Towns County GA SO ,Towns County GA SO ,Powder Springs GA PD
Erwin NC PD,Erwin NC PD,
AL - Autauga County SO,Autauga County SO (AL),
Hendersonville TN PD,Hendersonville TN PD,
Guntersville AL PD,"Guntersville AL PD (Falcon Hwy),Guntersville AL PD,Guntersville AL PD (Condor)",Powder Springs GA PD
Sevier County TN SO,Sevier County TN SO,
Anderson County SC SO,Anderson County SC SO,
Austell GA PD,Austell GA PD,Powder Springs GA PD
Titusville FL PD,Titusville FL PD,
Watauga County NC SO,Watauga County NC SO,
Milton GA PD,"Milton GA PD (Flex),Milton GA PD",Powder Springs GA PD
Lancaster SC PD,"Lancaster SC PD,Lancaster SC PD (Flex)",
Warrenton NC PD ,Warrenton NC PD ,
Ben Hill County GA SO,Ben Hill County SO (GA),Powder Springs GA PD
Houston TX PD,"Houston PD (TX) – Southwest MgmtD,Houston PD (TX) – Flex Cams,Houston PD (TX) – Spring Branch MgmtD,Houston PD (TX) – Gulfton MgmtD,Houston PD (TX),Houston PD (TX) – International MgmtD,Houston PD (TX) – Uptown Houston MgmtD,Houston PD (TX) -  Houston Housing Authority,Houston PD (TX) – Brays Oaks MgmtD",Powder Springs GA PD
Blount County Commission (AL),Blount County Commission (AL),
Haywood County NC SO,"Haywood County SO (NC),Haywood County SO (NC) Flex",
Gatlinburg TN PD ,Gatlinburg TN PD,
Evans County GA SO,Evans County GA SO,Powder Springs GA PD
Pembroke NC PD,Pembroke NC PD,
Woodstock AL PD,Woodstock AL PD,
Sparta TN PD,Sparta TN PD,
Madison GA PD,"Madison GA PD (Flex),Madison GA PD",Powder Springs GA PD
Floyd County GA PD,"Floyd County GA PD - RedSpeed,Floyd County GA PD (SpotGenius - Parking) ,Floyd County GA PD,Floyd County GA PD (Flex)",Powder Springs GA PD
Taylor County GA SO ,Taylor County GA SO ,Powder Springs GA PD
Johns Creek GA PD,"Johns Creek GA PD,Johns Creek GA PD - Avigilon Cams,Johns Creek GA PD - Traffic Cams -Gateway",Powder Springs GA PD
University of North Georgia PD (GA),"University of North Georgia PD Flex,University of North Georgia ",Powder Springs GA PD
Bartow County GA SO,"Bartow County GA SO,Bartow County GA SO Flex",Powder Springs GA PD
Savannah PD - GA ,"Savannah GA PD,Savannah GA PD (Flex),Savannah Code Compliance",Powder Springs GA PD
Georgia Attorney General's Office  - GA,Office of the Attorney General (GA) - Flex,Powder Springs GA PD
Homerville GA PD,"Homerville GA PD,Homerville GA PD - Wing Redspeed",Powder Springs GA PD
Cocke County TN SO,Cocke County TN SO,
Bloomingdale GA PD,"Bloomingdale GA PD - Parks ,Bloomingdale GA PD",Powder Springs GA PD
Dyer County TN SO,Dyer County TN SO ,
Dublin GA PD,Dublin GA PD,Powder Springs GA PD
Polk County GA PD,"Polk County GA PD (Flex LPR) ,Polk County GA PD",Powder Springs GA PD
Gainesville GA PD,"Gainesville PD (GA) Flex,Gainesville GA PD",Powder Springs GA PD
Lilburn GA PD,"Lilburn GA PD,Lilburn GA PD - Redspeed,Lilburn CID",Powder Springs GA PD
Alpharetta GA PD,"Alpharetta GA PD,Alpharetta GA PD - RedSpeed",Powder Springs GA PD
Gallatin TN PD,Gallatin TN PD,
Palatka FL PD,Palatka FL PD,
Ancient City Capital,"AHPC SOCIAL TALLAHASSEE LLC (FL),2018 IAVF TIMBER OAKS LLC (IL),Bandywood (MS),PSG Pine Forest Park (TX),AHPC Orchard Park 2021 LLC (SC) ,Beacon Pointe (MS),2018 IAVF PRAIRIE VIEW LLC (IL),MILLENNIA JAX 2021 LLC (FL),Greenbrier Apartments (WV),AHPC Hub Tallahassee LLC (Ocala Rd) (FL),The Cove at NOLA (LA),AHPC Lakeview at Cottage Hill 2021 LLC (AL),Bern-Mas (LA),Brookwood Apartments (LA),ALPINE APARTMENT HOMES LLC (GA),Patriot Plaza (FL),Crestview at Cordova (FL) ,FOUNTAIN CITY APARTMENTS LLC (GA),AHPC Verandas at Rocky Ridge 2021 LLC (AL),AHPC PROSPER FAIRWAYS APARTMENTS LLC (SC) ,Granada Square (MS),AHPC Plantations at Pine Lake (FL),Patriot Grove,Regency Woods (MS),PSG Vesta Derby Oaks LLC (KY),Social 1600 (FL),Autumn Trace Apts (MS),Sunset on the Bayou (AL),Eban Village (TX),AHPC TROPICAL RIDGE APARTMENTS LLC,AHPC Cordova Regency (FL) ,HHF - McDaniels Street (GA),Village Hills Apartments (WV),AHPC Inverness Lakes 2021 LLC (AL),The Rubix (Patriot Suites) (NV),Kingston Point (LA),Iberia South (LA),AHPC Terraces at Fieldstone Apartments LLC (GA),Gardenia Grove (MS),Patriot Grove (MS),AHPC PARKS AT RIVERCREST LLC (SC),AHPC Vista Towers 2021 LLC (SC)",
Moultrie GA PD,"Moultrie GA PD (Condors),Moultrie GA PD ,Moultrie GA PD - Raven",Powder Springs GA PD
Tarpon Springs FL PD,"Tarpon Springs FL PD (Flex),Tarpon Springs FL PD,Tarpon Springs PD - Wing",
Opelika AL PD,Opelika AL PD,Powder Springs GA PD
Douglasville GA PD,"Douglasville GA PD - Club Drive Maintenance , Douglasville GA PD - Hunter Park Interior Cams,Douglasville GA PD - PD Exterior Live Video,Douglasville GA PD (Live Video) , Douglasville GA PD - Hunter Park Exterior Cams,Douglasville GA PD - CourtHouse Square Exterior Cams,Douglasville GA PD - Willing Workers Park,Douglasville GA PD - Conference Center Exterior cams,Douglasville GA PD - City Hall,Douglasville GA PD - Cedar Mountain Facility Exterior Cams,Douglasville GA PD - Amphitheater Exterior Cams,Douglasville GA PD,Douglasville GA PD - West Pines Golf Course,Douglasville GA PD - Jessie Davis Exterior Cams",Powder Springs GA PD
Chambers County AL SO,Chambers County AL SO,
York County SC SO,York County SC SO,
Elbert County GA SO,Elbert County GA SO ,Powder Springs GA PD
Sullivan County TN SO,Sullivan County TN SO,
McIntyre GA PD,"McIntyre GA PD,McIntyre GA PD (Condor)",
Suwanee GA PD,"Suwanee GA PD,Suwanee GA PD - Wing",Powder Springs GA PD
Ridgeland MS PD,Ridgeland MS PD,
Alabama Department of Corrections,"Alabama Dept of Corrections (Flex),Alabama Department of Corrections",
Leeds AL PD,Leeds AL PD,
Carolina Beach NC PD ,Carolina Beach NC PD,
Town of Hildebran (NC),Town of Hildebran (NC),
Carrollton GA PD,"Carrollton GA PD - Tanner Street Parking Deck,Carrollton GA PD - Wing Live,Carrollton GA PD,Carrollton GA PD Condor,Carrollton GA PD Raven,Carrollton PD (GA) Flex,Carrollton GA PD - Wing Gateway Partnership",Powder Springs GA PD
Worth County GA SO,Worth County GA SO,Powder Springs GA PD
Niceville FL PD,Niceville FL PD,
Florence SC PD,Florence SC PD,
Escambia County FL SO,Escambia County FL SO ,
Fairburn GA PD,Fairburn GA PD,Powder Springs GA PD
Plant City FL PD,Plant City FL PD,
Butts County GA SO,Butts County GA SO,Powder Springs GA PD
Lake City GA PD,"Lake City GA PD,Lake City GA PD (Wing) ",Powder Springs GA PD
Lenoir NC PD,Lenoir NC PD,
Boone NC PD,Boone NC PD,
Albany GA PD,"Albany GA PD,Albany GA PD - Wing LVI (Redspeed),Albany GA PD Raven,Albany GA PD Condor",Powder Springs GA PD
Avon IN PD,Avon IN PD,
Schley County SO GA ,Schley County SO GA ,Powder Springs GA PD
Bulloch County GA SO,Bulloch County GA SO ,Powder Springs GA PD
Lexington SC PD,Lexington SC PD,
Shelby County TN SO,"Town of Arlington (TN),Lakeland TN,Shelby County TN SO",
Fort Worth TX PD ,"Fort Worth TX PD - Wing LVT,Fort Worth TX PD - Las Vegas Trail,East Lancaster PID,Fort Worth TX PD PID #11 Stockyards,Sun Valley PID,Fort Worth TX PD,Fort Worth TX PD - Milestone Live PTZ,Fort Worth Code Compliance,Fort Worth TX PD - PID 7 Heritage,Fort Worth TX PD Wing LPR Cameras (Q1700)",
East Tennessee State University TN Campus PD ,East Tennessee State University TN Campus PD ,
Forest City NC PD,Forest City NC PD,
Laurens SC PD,Laurens SC PD,
Moore County NC SO,Moore County NC SO,
Henderson TN PD,Henderson TN PD,
Kernersville NC PD,Kernersville NC PD,
Jackson AL PD,Jackson AL PD,
Roane County TN SO,Roane County TN SO,
Greene County GA SO,Greene County GA SO,Powder Springs GA PD
Springfield TN PD ,Springfield TN PD ,
Johnston County NC SO,Johnston County NC SO,
Garden City GA PD,"Garden City GA PD,Garden City GA PD (Live Video) ,Garden City GA PD Raven ",Powder Springs GA PD
Blue Ridge GA PD,"Blue Ridge GA PD (Flex),Blue Ridge GA PD",
High Springs FL PD,"High Springs FL PD - Redspeed,High Springs FL PD Flex,High Springs FL PD",
Halifax County NC SO,Halifax County NC SO,
Sylvester GA PD,Sylvester GA PD,Powder Springs GA PD
Perry GA PD,"Perry GA PD (Live Video) ,Perry GA PD (Flex),Perry GA PD,Perry GA PD - Redspeed",Powder Springs GA PD
Hilton Head Island SC,Hilton Head Island SC,
DeKalb County GA PD,"Dekalb County GA PD - LPR,DeKalb County PD Parks - LPR,DeKalb County GA PD (GSD),Gresham Park Rec Center - Avigilon",Powder Springs GA PD
Loris SC PD,Loris SC PD,
Bibb County SO GA,Bibb County GA SO ,Powder Springs GA PD
Mountain City TN PD,Mountain City TN PD,
Miami-Dade FL SO,"Miami Dade FL SO Flex Network,Miami-Dade FL SO (Flex),Miami-Dade FL SO - NPF LPR Study,Miami-Dade FL SO",
McDonough GA PD,"McDonough GA PD,McDonough GA PD - RedSpeed,McDonough GA PD (Condor),McDonough GA PD - Raven",Powder Springs GA PD
Rocky Mount NC PD,"Rocky Mount NC PD (Falcon LR),Rocky Mount NC PD",
Vidalia GA PD,"Vidalia GA PD (PTZ),Vidalia GA PD,Vidalia GA PD (Trailers),Vidalia GA PD (Redspeed)",Powder Springs GA PD
Morgan County GA SO,"Morgan County Board of Commissioners (GA),Morgan County GA SO,Morgan County Board of Commissioners (GA) Flex,Morgan County GA - Wing LVI",Powder Springs GA PD
Lake Mary FL PD,Lake Mary FL PD,
Anderson SC PD,"Anderson SC PD (Flex),Anderson SC PD",
Anderson IN PD,Anderson IN PD,
Sugar Hill GA PD,"Sugar Hill GA PD,Sugar Hill GA PD (Flex)",Powder Springs GA PD
Snellville GA PD,"Snellville GA PD (RedSpeed),City of Snellville (GA) - Flex,Snellville GA PD (Live Video) ,Snellville GA PD - Raven,Snellville GA PD",Powder Springs GA PD
Brevard County FL SO ,Brevard County FL SO ,
Hall County GA SO,"Hall County GA SO Demo Condors,Hall CO GA SO - Wing LVI,Hall County GA SO - Wing LVI,Hall County GA SO,Hall County GA SO (Flex)",Powder Springs GA PD
Thomaston GA PD,Thomaston GA PD,Powder Springs GA PD
Sarasota County FL SO,"Sarasota County FL SO (Flex),Sarasota County FL SO",
Tyrone GA PD,Tyrone GA PD,Powder Springs GA PD
Person County NC SO,"Person County NC SO (LR),Person County NC SO,Person County NC SO (Flex)",
Coffee County GA SO,Coffee County GA SO,Powder Springs GA PD
Bradford County FL SO,Bradford County FL SO,
Sumter SC PD,Sumter SC PD,
Conyers GA PD,"Conyers Ga PD - Redspeed,Conyers GA PD - Video,Conyers GA PD,Conyers GA PD DFR",Powder Springs GA PD
Smithfield NC PD,Smithfield PD (NC),
Stockbridge GA PD,"Stockbridge GA PD (Flex),Stockbridge GA PD,Stockbridge GA PD (Live Video) ,Stockbridge GA PD - Redspeed",Powder Springs GA PD
Dillard GA PD,Dillard GA PD,Powder Springs GA PD
Adrian MI PD,Adrian MI PD,
Huntsville AL PD,"Huntsville AL PD - I-565 Cameras,Huntsville AL PD",
Knox County TN SO,Knox County TN SO,
Sumner County TN SO,Sumner County TN SO,
Ellaville GA PD,"Ellaville GA PD,Ellaville GA PD - Video",Powder Springs GA PD
Crisp County GA SO,"GA-Crisp County SO Wing,Crisp County GA SO,Crisp County GA SO Condor",Powder Springs GA PD
Ocilla GA PD,Ocilla GA PD,Powder Springs GA PD
Kennesaw State University GA PD,"Kennesaw State University Raven,Kennesaw State University",Powder Springs GA PD
Covington GA PD,"Covington GA PD,Covington Housing Authority ",Powder Springs GA PD
Millen GA Public Safety Dept ,Millen GA Public Safety Dept ,
Morehouse College GA PD,Morehouse College GA PD,Powder Springs GA PD
Jones County SO - GA,"Jones County GA SO,Jones County GA SO (Trailer #1 ),Jones County GA SO Flex,Jones County GA SO (Condor)",Powder Springs GA PD
Blackshear GA PD,Blackshear GA PD,Powder Springs GA PD
Johnson County TN SO,Johnson County TN SO,
Gulf Stream FL PD,Gulf Stream FL PD,
Clayton County GA SO,Clayton County GA SO,Powder Springs GA PD
Haralson County GA SO,"Haralson County SO (GA),City of Waco (GA)",Powder Springs GA PD
Thomasville GA PD,"Thomasville GA PD Raven ,Thomasville GA PD",Powder Springs GA PD
Germantown TN PD,Germantown TN PD,
East Point GA PD,"East Point GA PD,East Point GA PD (Raven),East Point GA PD - Redspeed",Powder Springs GA PD
Georgetown SC PD,Georgetown SC PD,
South Miami FL PD,South Miami PD (FL),
Chamblee GA PD,"Chamblee GA PD (Condor),Chamblee GA PD,Chamblee GA PD - Redspeed,Chamblee GA PD - Wing",Powder Springs GA PD
College Park GA PD,"College Park PD - Flex,College Park GA PD - Falcon",Powder Springs GA PD
Sevierville TN PD,Sevierville TN PD,
Whitesburg GA PD,"Whitesburg GA PD,Whitesburg GA PD (Redspeed)",Powder Springs GA PD
Harris County GA SO,"Harris County GA SO Falcon Flex,Harris County GA SO",Powder Springs GA PD
Polk County FL SO,"Polk County FL SO,Polk County FL SO (LR),Polk County FL SO - Axon",
Lakeland FL PD,"Lakeland FL PD (Flex),Lakeland FL PD",
Union City GA PD,Union City GA PD,Powder Springs GA PD
Leesburg GA PD,"Leesburg GA PD - redspeed,Leesburg GA PD",Powder Springs GA PD
Sumter County SC SO,"SC - Sumter Co Sheriff's Office (Flex),SC - Sumter Co Sheriff's Office",
Forsyth County GA SO,"Forsyth County GA SO,Forsyth County GA SO (Flex)",Powder Springs GA PD
Berkeley County SC SO,Berkeley County SC SO,
Catawba County NC SO,Catawba County NC SO,
Yancey County NC SO,"Yancey County NC SO,Yancey County NC SO (Flex)",
Eatonton GA PD,"Eatonton GA PD,Eatonton GA PD Condor",Powder Springs GA PD
Paris TN PD,Paris TN PD,
Orlando FL PD,"Orlando FL PD ,Orlando FL PD (LR)",
Clay County FL SO,"Clay County FL SO,Clay County FL SO (Condor),Clay County FL SO (Flex),Clay County FL SO (Trailer)",
Greenbrier TN PD,Greenbrier TN PD,
Rhea County TN SO,Rhea County TN SO,
Southwest Tennessee Community College TN PD,Southwest TN Macon Cove Campus,
Lee County AL SO,Lee County AL SO,
Hiram GA PD,Hiram GA PD,Powder Springs GA PD
Craven County NC SO,Craven County NC SO,
South Sioux City NE PD ,South Sioux City NE PD ,
Collier County FL SO,Collier County FL SO,Powder Springs GA PD
Maysville GA PD,Maysville GA PD,Powder Springs GA PD
Mount Holly NC PD,Mt Holly NC PD,
Lantana FL PD,"Lantana FL PD,Lantana FL PD Flex",
Whitfield County GA SO,Whitfield County GA SO,Powder Springs GA PD
Fort Mill SC PD,Fort Mill SC PD,
Springdale OH PD,Springdale OH PD,
Atlanta GA PD,"Atlanta GA PD - Genetec,Atlanta GA PD (LR) ,Atlanta GA PD Airport Division,Genetec LPRs,Atlanta GA PD,Atlanta GA PD (Condor),External Devices (Genetec),Genetec Test Network,Atlanta GA PD (Flex)",Powder Springs GA PD
Oliver Springs TN PD,Oliver Springs TN PD,
Clearwater FL PD,Clearwater FL PD,
Winder GA PD,"Winder GA PD,Winder GA PD (FLEX) ",Powder Springs GA PD
Dickson County TN SO,Dickson County TN SO,
Cumming GA PD,Cumming GA PD,Powder Springs GA PD
Morrow OH PD,Morrow OH PD,
Surry County NC SO,"Surry County SO (NC),Surry County SO (NC) (Flex)",
Sandy Springs GA PD,"Sandy Springs GA PD,Sandy Springs GA PD Flex",Powder Springs GA PD
Flagler County FL SO,Flager County SO (FL),
Hapeville GA PD,"Hapeville GA PD,Hapeville GA PD - Redspeed",Powder Springs GA PD
St. Augustine FL PD,St. Augustine FL PD,
Dallas GA PD,"Dallas GA PD (Condor),Dallas GA PD",Powder Springs GA PD
Montezuma GA PD,Montezuma GA PD,Powder Springs GA PD
Blakely GA PD,"Blakely GA PD (Flex),Blakely GA PD",Powder Springs GA PD
Dale County AL SO,Dale County AL SO,
[Federal] US GSA Office of Inspector General,US - GSA Office of Inspector General,Powder Springs GA PD
Brantley County GA SO,Brantley County GA SO,Powder Springs GA PD
Holmes County FL SO,Holmes County FL SO,
Trousdale County TN SO,Trousdale County TN SO,
Alabama Law Enforcement Agency (ALEA),"ALEA,Alabama Law Enforcement Agency (ALEA),ALEA (LR)",
Morgan County AL SO,Morgan County AL SO,
Byron GA PD ,"Byron GA PD ,Byron GA PD (Live Video)",Powder Springs GA PD
Camilla GA PD ,"Camilla GA PD ,Camilla GA PD (Live Video) ,Camilla GA PD (Raven)",Powder Springs GA PD
Crestview FL PD,Crestview FL PD ,
Beaufort SC PD ,Beaufort SC PD ,
Jasper AL PD,Jasper AL PD,
Indian River Shores FL PD,Indian River Shores FL PD,
Northport AL PD,Northport AL PD,
Broward County FL SO,"City of Deerfield Beach,Broward County FL SO,City of Tamarac (FL)",
Ware County GA SO ,Ware County GA SO ,Powder Springs GA PD
La Vergne TN PD,La Vergne TN PD,
Rowan County NC SO,"NC - Rowan County SO - Insight Omnia,Rowan County NC SO",
Florida City FL PD,Florida City FL PD,
Tallapoosa GA PD,Tallapoosa GA PD,Powder Springs GA PD
Tallahassee FL PD,Tallahassee FL PD,
Matthews NC PD,Matthews NC PD,
Loganville GA PD,Loganville GA PD,Powder Springs GA PD
Baker County GA SO,"Baker County GA SO,Baker County GA SO (CONDOR)",Powder Springs GA PD
Melrose Square (GA),Melrose Square (GA),
Molena GA PD,Molena GA PD,Powder Springs GA PD
Maggie Valley NC PD,Maggie Valley NC PD,
Bloomfield NM PD,Bloomfield NM PD,
Franklin Springs GA PD ,Franklin Springs GA PD ,Powder Springs GA PD
Lumberton NC PD,Lumberton NC PD,
West Point GA PD,West Point PD (GA),
Oconee County GA SO,Oconee County GA SO,Powder Springs GA PD
Claiborne County TN SO,Claiborne County TN SO,
Washington County SO - GA ,Washington County GA SO,Powder Springs GA PD
Alachua FL PD,Alachua FL PD (FLEX),
"Public Service Authority, Santee Cooper Law Enforcement Division (SC)","Public Service Authority, Santee Cooper Law Enforcement Division (SC)",
Davie County NC SO,Davie County NC SO,
Peachtree Corners GA Marshal's Office,"Peachtree Corners GA,Peachtree Corners GA (Condor)",Powder Springs GA PD
Columbia County GA SO,"Columbia County GA SO Mobile Trailer,Columbia County GA SO",Powder Springs GA PD
Treasure Island FL PD,Treasure Island FL PD,
Gulf Breeze FL PD,Gulf Breeze FL PD,
Hamilton County IN SO,"Hamilton County IN SO (Condors),Hamilton County IN SO (Trailers),Hamilton County IN SO (Community Cameras),Hamilton County IN SO (Flex)",
Douglas GA PD,"Douglas GA PD,Douglas GA PD - Live Video ",Powder Springs GA PD
Kershaw County SC SO,Kershaw County SC SO,
Biltmore Forest NC PD,"Biltmore Forest NC PD,Biltmore Forest NC PD (Condor)",
Macon County NC SO,"Macon County NC SO,Macon County NC SO (Flex)",
Franklin County AL SO,"Franklin County AL SO (Flex),Franklin County AL SO",
Washington County TN SO,"Washington County TN SO,Washington County TN SO (Flex)",
Town of West Blocton AL PD,Town of West Blocton AL PD,
Forrest County MS SO,Forrest County MS SO,
Cross Plains TN PD,Cross Plains TN PD,
Decatur County GA SO,Decatur County GA SO,Powder Springs GA PD
Lawrenceville GA PD,"Lawrenceville GA PD,Lawrenceville GA PD - Raven,Lawrenceville GA PD (Flex)",Powder Springs GA PD
Bullitt County KY SO,Bullitt County KY SO,
Wartburg TN PD,Wartburg TN PD,Powder Springs GA PD
Maiden NC PD,Maiden NC PD,
Habersham County GA SO,Habersham County GA SO,Powder Springs GA PD
Brookhaven GA PD,"Brookhaven Parks Ashford Forest (GA),Brookhaven GA PD (Falcon),Brookhaven GA PD (LR),Brookhaven Parks (GA)",Powder Springs GA PD
Thomas County GA SO,Thomas County GA SO ,Powder Springs GA PD
Surfside Beach SC PD,Surfside Beach SC PD,
Montgomery County TN SO,"Montgomery County TN (Flex),Montgomery County TN SO",
Effingham County GA SO,Effingham County SO (GA),Powder Springs GA PD
Scottsboro AL PD,Scottsboro AL PD,Powder Springs GA PD
Neptune Beach FL PD,Neptune Beach FL PD,
Hoover AL PD,Hoover PD (AL),
Kill Devil Hills NC PD,Kill Devil Hills NC PD,
Pasco County FL SO,Pasco County FL SO,
Sumter County FL SO,"Sumter County FL SO (Flex),Sumter County FL SO",
Hope Mills NC PD ,Hope Mills NC PD ,
Jasper County IN SO,Jasper County IN SO,
Lyons GA PD,"Lyons GA PD (Condor),Lyons GA PD",Powder Springs GA PD
Dandridge TN PD,Dandridge TN PD,
Lincoln County TN SO,Lincoln County SO (TN),
Pickens County GA SO,"Pickens County GA SO (FLEX) ,Pickens County GA SO,Pickens County GA SO - Redspeed",Powder Springs GA PD
Orangeburg Department of Public Safety SC,Orangeburg Department of Public Safety SC,
Oglethorpe GA PD,Oglethorpe GA PD ,Powder Springs GA PD
Loudon TN PD,Loudon TN PD,Powder Springs GA PD
Danielsville GA PD,Danielsville GA PD,Powder Springs GA PD
New Hanover County NC SO,New Hanover County NC SO,
Bremen GA PD,"Bremen GA PD,Bremen GA PD (Condor)",Powder Springs GA PD
Cocoa Beach FL PD,Cocoa Beach FL PD,
Mauldin SC PD,Mauldin SC PD ,
O'Fallon MO PD,"O'Fallon MO PD (Flex),O'Fallon MO PD",
Dothan AL PD,Dothan AL PD,
White Pine TN PD,White Pine TN PD,
Cherokee County GA SO,"Cherokee County GA SO (Flex),Cherokee County GA SO,Cherokee County GA SO (Condor)",Powder Springs GA PD
Valdosta GA PD,Valdosta GA PD,Powder Springs GA PD
Office of Commissioner of Insurance and Safety Fire (GA),Office of Commissioner of Insurance and Safety Fire (GA),Powder Springs GA PD
Twiggs County GA SO ,Twiggs County GA SO ,Powder Springs GA PD
Pineville NC PD,Pineville NC PD,
Cabarrus County NC SO,"Cabarrus County NC SO Condor,Cabarrus County NC SO (Falcon Flex) ,Cabarrus County NC SO",
Kerley Family Homes Office (TX),"Old Lost Mountain Estates (GA),Springside Reserves (GA)",
Tybee Island GA PD,Tybee Island GA PD,Powder Springs GA PD
Cocoa FL PD,Cocoa FL PD,
Giles County TN SO,Giles County TN SO,
Echols County GA SO,Echols County GA SO,Powder Springs GA PD
Lookout Mountain TN PD,Lookout Mountain TN PD ,Powder Springs GA PD
South Fulton GA PD,South Fulton GA PD,Powder Springs GA PD
Franklin GA PD,Franklin GA PD,Powder Springs GA PD
Maryville TN PD,Maryville TN PD,
Madison County AL SO,Madison County SO Falcon (AL),
Warner Robins GA PD,"Warner Robins GA PD,Warner Robins GA PD - Wing (Redspeed),Warner Robins PD (GA) - Flex",Powder Springs GA PD
Robinson IL PD,Robinson IL PD,
Lumpkin County SO GA,Lumpkin County SO (GA),Powder Springs GA PD
Commerce GA PD,Commerce GA PD,Powder Springs GA PD
AL - Andalusia PD,Andalusia PD (AL),
Bartlett TN PD,Bartlett TN PD,
Pierce County GA SO,Pierce County GA SO,Powder Springs GA PD
Newton County GA SO,"Newton County GA SO,Newton County GA SO Flex",Powder Springs GA PD
Lake County FL SO,Lake County FL SO,
Brooklet GA PD,Brooklet GA PD,Powder Springs GA PD
Lauderdale County AL SO,Lauderdale County AL SO,
Niagara County NY SO,Niagara County NY SO,
Hamblen County TN SO,Hamblen County TN SO,
Norcross GA PD,"Norcross GA PD (Flex),Norcross GA PD,Norcross GA PD (Video),Norcross GA PD - Redspeed",Powder Springs GA PD
Williamson County TN SO,Williamson County TN SO,
Laurens County GA SO,"Laurens County GA SO,Laurens County GA SO (Flex)",Powder Springs GA PD
Calhoun County SC SO,Calhoun County SC SO,
FL - Hollywood PD,Hollywood FL PD,
Chatham County GA PD,"Chatham County GA PD,Chatham County PD (GA) Flex",Powder Springs GA PD
Fulton County GA SO,Fulton County GA SO (Deactivated),
Pell City AL PD,Pell City AL PD,
Dayton TN PD,Dayton TN PD,
Calhoun GA PD,"Calhoun GA PD,Calhoun GA PD (Condor)",Powder Springs GA PD
Riviera Beach FL PD,Riviera Beach FL PD,
McDowell County NC SO,McDowell County NC SO,
Kingston TN PD,Kingston TN PD,
Pelham AL PD,Pelham AL PD,
Foley AL PD,Foley AL PD,
Gaston SC PD,"Gaston SC PD,Gaston SC PD (Flex)",
Newberry County SC SO ,Newberry County SC SO ,
Hillsborough County FL SO,"Hillsborough County FL SO (Flex),Hillsborough County FL SO,Hillsborough County Pierce Garage IB ",
LaGrange GA PD,"LaGrange GA PD - Redspeed,LaGrange GA PD",Powder Springs GA PD
McDuffie County GA SO,McDuffie County GA SO,Powder Springs GA PD
McIntosh County GA SO  ,"McIntosh County GA SO ,McIntosh County (GA) (Condors)",Powder Springs GA PD
Lebanon TN PD,Lebanon TN PD,
Rockingham NC PD,Rockingham PD (NC),
Vestavia Hills AL PD,Vestavia Hills AL PD,
Duluth GA PD,"Duluth GA PD - RedSpeed,Duluth GA PD",Powder Springs GA PD
Conover NC PD,Conover NC PD,
Emerson GA PD,Emerson GA PD,Powder Springs GA PD
Royston GA PD,Royston GA PD,Powder Springs GA PD
Springfield GA PD,Springfield GA PD ,Powder Springs GA PD
Florissant MO PD,Florissant MO PD,
Defuniak Springs FL PD,Defuniak Springs FL PD,
AL- Clarke County SO,Clarke County SO (AL),
Hartselle AL PD,Hartselle AL PD,
Lake City FL PD,"Lake City FL PD Raven,Lake City FL PD",
Metter GA PD,Metter GA PD,Powder Springs GA PD
Spring Hill TN PD,Spring Hill TN PD,
Leon County FL SO,Leon County FL SO,
Spartanburg County SC SO,Spartanburg County SC SO (Flex),
Savannah International Airport GA PD,Savannah International Airport GA PD,Powder Springs GA PD
Okeechobee County FL SO,Okeechobee County FL SO,
Atlantic Beach FL PD,Atlantic Beach FL PD,
Concord NC PD,Concord NC PD,
Long County GA SO,Long County GA SO,Powder Springs GA PD
Hiawassee GA PD,Hiawassee GA PD,Powder Springs GA PD
Wilkinson County GA SO,"Wilkinson County GA SO,Wilkinson County GA SO Flex",Powder Springs GA PD
Canton GA PD,"Canton GA PD - Gateways,Canton GA PD - Avigilon,Canton GA PD (Live View/PTZ),Canton GA PD,Canton GA PD - Redspeed",Powder Springs GA PD
North Wilkesboro NC PD,North Wilkesboro NC PD,
Gainesville FL PD,Gainesville FL PD,
Madison County GA SO,"Madison County GA SO,Madison County GA SO (Flex)",Powder Springs GA PD
Apopka FL PD,Apopka FL PD ,
Flowery Branch GA PD,Flowery Branch GA PD,Powder Springs GA PD
Bessemer AL PD,Bessemer AL PD,
Santa Rosa County FL SO,Santa Rosa County FL SO,
Braselton GA PD,Braselton GA PD,Powder Springs GA PD
Meriwether County GA SO,"Meriwether County GA SO (FLEX) ,Meriwether County GA SO",Powder Springs GA PD
Union County NC SO,"Union County NC SO,Union County NC SO (Flex)",
White County GA SO,White County GA SO,Powder Springs GA PD
Jasper County GA SO,Jasper County GA SO,Powder Springs GA PD
Covington County AL SO,Covington County SO (AL),
Pulaski County GA SO ,Pulaski County GA SO ,Powder Springs GA PD
Spalding County GA SO,Spalding County GA SO,Powder Springs GA PD
Euharlee GA PD,"Euharlee GA PD (Condor),Euharlee GA PD",Powder Springs GA PD
Turner County GA SO,"Turner County GA SO,Turner County GA SO (FLEX) ",Powder Springs GA PD
Baker County FL SO,Baker County FL SO,
Bessemer City NC PD,Bessemer City NC PD,
University of West Georgia GA PD,University of West Georgia (GA),Powder Springs GA PD
White County TN SO,White County TN SO,
Wells County IN SO,Wells County IN SO,
Georgetown County SC SO,Georgetown County SC SO,
Fayette County GA SO,Fayette County GA SO,Powder Springs GA PD
Port Wentworth GA PD,"Port Wentworth GA,Port Wentworth GA PD (Ravens)",Powder Springs GA PD
Dadeville AL PD,Dadeville AL PD,
Doraville GA PD,"Doraville GA PD (Condor),Doraville GA PD,Doraville GA PD (Trailer),Doraville GA PD (Raven)",Powder Springs GA PD
Gadsden County FL SO,"Gadsden County FL SO (Flex),Gadsden County FL SO ",
GA - Atkinson County SO,Atkinson County SO GA ,Powder Springs GA PD
Rome GA PD,"Rome GA PD,Rome GA PD - Redspeed",Powder Springs GA PD
Iredell County NC SO,Iredell County NC SO,
Robertson County TN SO,Robertson County SO TN,
Manchester TN PD,Manchester TN PD,
Kingsland GA PD,Kingsland GA PD ,Powder Springs GA PD
Coolidge GA PD,Coolidge GA PD,
Georgia Tech GA PD,"Georgia Tech GA PD,Georgia Tech GA PD (FLEX) ,Georgia Tech GA PD - Raven,Georgia Tech DFR",Powder Springs GA PD
Lenoir City TN PD,Lenoir City TN PD,
Milledgeville GA PD,"Milledgeville GA PD,Milledgeville GA PD - Redspeed",Powder Springs GA PD
Lincoln County NC SO,Lincoln County NC SO,
Lamar County GA SO,"Lamar County SO GA,Lamar County SO GA Flex",Powder Springs GA PD
Oak Ridge TN PD ,Oak Ridge TN PD,Powder Springs GA PD
Georgia State University GA PD,"Georgia State University GA PD,Georgia State University GA PD - Raven",Powder Springs GA PD
Moody AL PD,Moody AL PD,
Dunn NC PD,Dunn NC PD,
Chadbourn NC PD,Chadbourn NC PD,
Hamilton AL PD ,Hamilton AL PD ,
Coweta County GA SO,"Coweta County GA SO - GSD,Coweta County GA SO",Powder Springs GA PD
Hamilton GA,Hamilton GA - Redspeed,Powder Springs GA PD
Department of Natural Resources - GA,Georgia Department of Natural Resources (Falcon Flex),Powder Springs GA PD
Gwinnett County GA SO,"Gwinnett County SO - NPF LPR Study (GA),Gwinnett County GA SO (Falcon Flex) ,Gwinnett County Sheriff's Office (GA)",Powder Springs GA PD
Port St. Lucie FL PD,Port St. Lucie FL PD,
Milan TN PD,Milan TN PD,
University of Georgia GA PD,University of Georgia GA PD ,Powder Springs GA PD
Southaven MS PD,Southaven MS PD,
Hancock County GA SO,Hancock County GA SO,Powder Springs GA PD
Tattnall County GA SO,Tattnall County GA SO,Powder Springs GA PD
Rockdale County GA SO,"Rockdale County GA SO,Rockdale County GA SO (Condor)",Powder Springs GA PD
Jonesboro GA PD,"Jonesboro GA PD (Flex),Jonesboro GA PD,Jonesboro GA PD - Redspeed",Powder Springs GA PD
Camden SC PD,Camden SC PD,Powder Springs GA PD
Oakwood GA PD,"Oakwood GA PD,Oakwood GA PD Flex",Powder Springs GA PD
Fultondale AL PD,Fultondale AL PD,
Buncombe County NC SO,Buncombe County NC SO,
Gardendale AL PD,Gardendale AL PD,
Wilkes County NC SO,"Wilkes County NC SO,Wilkes County NC SO Flex",
Ashville AL PD,Ashville AL PD,
Clarendon County SC SO ,Clarendon County SC SO ,
Covington TN PD,Covington TN PD,
Grovetown GA PD,Grovetown Dept of Public Safety GA,Powder Springs GA PD
Hancock County IN SO,Hancock County IN SO,
Lookout Mountain GA PD ,Lookout Mountain GA PD ,Powder Springs GA PD
Shelby County AL SO,Shelby County AL SO,
Washington Co Parks and Recreation (GA),Washington Co Parks and Recreation (GA),
Fairfax OH PD,"Fairfax OH PD,Fairfax OH PD (Live View)",
Mint Hill NC PD,Mint Hill NC PD,
Lexington NC PD ,Lexington NC PD ,
Wichita Falls TX PD ,Wichita Falls TX PD ,
WakeMed Campus PD and Public Safety (NC),WakeMed Campus PD & Public Safety (NC),
Sumter County GA SO ,"Sumter County GA SO,Sumter County GA School District ",Powder Springs GA PD
Town of Connelly Springs NC,Town of Connelly Springs NC,
Clayton County GA PD,"Clayton County GA PD (Redspeed),Clayton County GA PD",Powder Springs GA PD
Caldwell County NC SO,Caldwell County SO (NC),
Pickens County SC SO,Pickens County SC SO,
Forest Park OH PD,Forest Park OH PD,Powder Springs GA PD
Ahoskie NC PD,Ahoskie NC PD,
Tifton GA PD,Tifton Police Department ,Powder Springs GA PD
Marion Health PD (IN),Marion Health PD (IN),
Gilchrist County FL SO,Gilchrist County FL SO,
Rutledge TN PD,Rutledge TN PD,
Hardin County TN SO,Hardin County TN SO,
Louisburg NC PD,Louisburg NC PD,
Dearborn County IN SO,Dearborn County IN SO,
Lincoln AL PD,"Lincoln AL PD (Flex),Lincoln AL PD",Powder Springs GA PD
Lexington TN PD,Lexington TN PD,
Hayden AL PD,Hayden AL PD,
Jefferson County FL SO,"Jefferson County FL SO,Jefferson County FL SO (Flex)",
Glencoe AL PD,Glencoe AL PD,
Smyrna TN PD,Smyrna TN PD,
Greenville GA PD,Greenville GA PD,Powder Springs GA PD
Kingsport TN PD,Kingsport TN PD,
Conway SC PD,Conway SC PD,
Margate FL PD,Margate FL PD ,
Coconut Creek FL PD,"Coconut Creek FL PD,Coconut Creek FL PD Flex",
Dare County NC SO,Dare County NC SO,
Putnam County GA SO,Putnam County GA SO,Powder Springs GA PD
Wilton Manors FL PD,Wilton Manors FL PD (Falcon Flex) ,
Lavonia GA PD,Lavonia GA PD,Powder Springs GA PD
Marion SC PD,"Marion SC PD,Marion SC PD Flex",
Currituck County NC SO,Currituck County NC SO,
Doerun GA PD,Doerun GA PD,Powder Springs GA PD
Cookeville TN PD,Cookeville TN PD,
Hartwell GA PD,Hartwell GA PD,
Dougherty County GA PD ,"Dougherty County GA PD (Condors),Dougherty County GA PD ",Powder Springs GA PD
Hueytown AL PD,Hueytown AL PD,
Colbert County AL SO,Colbert County AL SO,
Lenox GA PD ,Lenox GA PD ,Powder Springs GA PD
Winterville NC PD,Winterville NC PD,
Transylvania County NC SO,Transylvania County NC SO,
Cedartown GA PD,"Cedartown GA PD - Redspeed,Cedartown GA PD,Cedartown GA PD Condor",Powder Springs GA PD
Lancaster County SC SO ,"Lancaster County SC SO (Flex),Lancaster County SC SO",
Jackson TN PD,"Jackson TN PD,Jackson TN PD (Flex)",
Pigeon Forge TN PD,Pigeon Forge TN PD,
Bleckley County GA SO,Bleckley County GA SO ,Powder Springs GA PD
Burke County GA SO,Burke County GA SO,
Union County GA SO,Union County GA SO,Powder Springs GA PD
Florida State University Campus PD FL,Florida State University Campus PD FL,
Slocomb AL PD,Slocomb AL PD,
Venice FL PD,Venice FL PD ,
Screven GA PD,Screven GA PD,
Vonore TN PD,Vonore TN PD ,
Calera AL PD,Calera AL PD,
Lee County GA SO,Lee County GA SO,Powder Springs GA PD
Colquitt County GA SO,"Colquitt County GA SO,Colquitt County GA SO (Flex)",Powder Springs GA PD
Mitchell County GA SO,Mitchell County GA SO,Powder Springs GA PD
Statesboro GA PD,"Statesboro GA PD,Statesboro GA PD (Flex),Statesboro GA PD (Raven)",Powder Springs GA PD
Jackson County NC SO,"Jackson County NC SO,Jackson County NC SO - Falcon Flex",
Bryan County GA SO,Bryan County GA SO,Powder Springs GA PD
Rabun County GA SO,"Rabun County GA SO ,Rabun County GA SO (Flex)",Powder Springs GA PD
Monroe County GA SO,Monroe County GA SO,Powder Springs GA PD
Fayette County TN SO,Fayette County TN SO,
Trussville AL PD,Trussville AL PD,
Sale City GA PD ,"Sale City GA PD,Sale City GA PD (Flex) ",Powder Springs GA PD
Remerton GA PD,Remerton GA PD,Powder Springs GA PD
St. Lucie County FL SO,St. Lucie County FL SO,
Folly Beach SC PD,Folly Beach SC PD,
Brunswick County NC SO,Brunswick County NC SO,
Mitchell County NC SO,"Mitchell County NC SO Falcon Flex,Mitchell County NC SO",
Washington MO PD,Washington MO PD,
Wyandotte MI PD,Wyandotte MI PD,
Gastonia NC PD,Gastonia NC PD,
Henry County GA PD,"Henry County GA PD - Condor,Henry County GA - Wing LVI (Redspeed),Henry County GA PD - Wing,Henry County GA PD,Henry County GA PD - Raven",Powder Springs GA PD
Memphis Intl Airport,TN - Memphis Intl Airport,
Mountain Brook AL PD,Mountain Brook AL PD,
Robeson County NC SO,Robeson County NC SO,Powder Springs GA PD
Jemison AL PD,Jemison AL PD,
Ardmore AL PD,Ardmore AL PD,
Southside AL PD,Southside AL PD,
Hoschton GA PD,Hoschton GA PD ,Powder Springs GA PD
Mount Zion GA PD,Mount Zion GA PD,Powder Springs GA PD
Live Oak FL PD,Live Oak FL PD,
Columbus County NC SO,Columbus County NC SO,
Chatham County GA SO,Chatham County GA SO,Powder Springs GA PD
LaFayette County FL SO,"Lafayette County FL SO (Flex),LaFayette County FL SO",
Athens-Clarke County GA PD,"Athens Clarke County GA PD,Athens-Clarke County GA Department of Solid Waste ",Powder Springs GA PD
Calhoun County AL SO,Calhoun County AL SO,Powder Springs GA PD
Jefferson GA PD,Jefferson GA PD,Powder Springs GA PD
Melbourne FL PD,Melbourne FL PD,
Russell County AL SO,Russell County AL SO,Powder Springs GA PD
Jackson GA PD,Jackson GA PD,Powder Springs GA PD
Fitzgerald GA PD,"Fitzgerald GA PD - Falcon,Fitzgerald GA PD - Flex",Powder Springs GA PD
Columbus NC PD,Columbus NC PD,
Hackleburg AL PD,Hackleburg AL PD,
Peach County GA SO ,"Peach County GA SO (FLEX) ,Peach County GA SO ",Powder Springs GA PD
Davidson County NC SO,Davidson County NC SO,
Fish and Wildlife Commission FL PD,"FL - Florida Fish & Wildlife Wing,Fish and Wildlife Commission FL PD",Powder Springs GA PD
Horry County SC PD,Horry County SC PD,
Rainbow City AL PD,Rainbow City AL PD,
Mount Pleasant SC PD,"Mount Pleasant SC PD,Mount Pleasant SC PD (Flex)",
Jackson County FL SO,Jackson County FL SO,
Stone Mountain GA PD,Stone Mountain GA PD,Powder Springs GA PD
AL - Wallace State Community College,Wallace State Community College (AL),
Elizabethton TN PD,Elizabethton TN PD,
Davie FL PD,Davie FL PD,
Union County SC SO,"Union County SC SO,Union County SO SC (Flex)",
Lafayette TN PD,Lafayette TN PD,
Sullivan County IN SO,Sullivan County IN SO,
Sauk Village IL PD,Sauk Village IL PD ,Powder Springs GA PD
Blairsville GA PD,Blairsville GA PD,
Marshall County AL SO,Marshall County AL SO,
Daytona Beach Shores FL PD,Daytona Beach Shores FL PD,
Columbia County FL SO,Columbia County FL SO,
Lafourche Parish LA SO,Lafourche Parish LA SO,
Tuscaloosa AL PD,Tuscaloosa AL PD,
Webster County GA SO,Webster County GA SO,Powder Springs GA PD
Muscle Shoals AL PD,"Muscle Shoals AL PD,Muscle Shoals AL Walmart",
Cheatham County TN SO,Cheatham County TN SO,
Chatham-Savannah Counter Narcotics Team,CNT Flex,Powder Springs GA PD
Cullman County AL SO,Cullman County SO (AL),
Dream Finders Home (GA),"Harris Creek (GA),Fern Dale (GA),Creekbend Overlook (GA),Stonewall Station (GA)",
Orange Beach AL PD,Orange Beach AL PD,
Rossville GA PD,"Rossville GA PD (Condor),Rossville GA PD",Powder Springs GA PD
Columbus GA PD,"Columbus GA PD,Columbus GA PD - Redspeed,Columbus PD Falcon Flex (GA)",Powder Springs GA PD
Panama City Beach FL PD,Panama City Beach FL PD,
Johnson City TN PD,Johnson City TN PD,
Lauderdale County TN SO,Lauderdale County TN SO,
East Georgia State College Campus PD (GA),East Georgia State College Campus PD (GA),Powder Springs GA PD
Oglethorpe County GA SO,Oglethorpe County GA SO,Powder Springs GA PD
Davenport FL PD,Davenport FL PD,
Adairsville GA PD,Adairsville GA PD,Powder Springs GA PD
Caswell County NC SO,Caswell County NC SO,
Fayetteville GA PD,Fayetteville GA PD,Powder Springs GA PD
Temple GA PD,Temple GA PD ,Powder Springs GA PD
Suwannee County FL SO,Suwanee County FL SO,
Snead AL PD,Snead AL PD,
Dyersburg TN PD,Dyersburg TN PD,
Pembroke GA PD,Pembroke GA PD,
Plainview TN PD,Plainview TN PD,
Murray County GA SO,Murray County GA SO,Powder Springs GA PD
Kennesaw GA PD,Kennesaw GA PD,Powder Springs GA PD
Hardeeville SC PD,"Hardeeville SC PD,Hardeeville SC PD (Flex)",
Jefferson County KY SO,Jefferson County KY SO,
Chester County SC SO,Chester County SC SO,
Corner Manor (GA) ,Corner Manor (GA),
Decatur GA PD,Decatur GA PD,Powder Springs GA PD
Oakland TN PD,"Oakland TN PD,Oakland TN PD (FLEX)",
Pinecrest FL PD,Pinecrest FL PD,
Shelbyville IN PD ,"Shelbyville IN PD ,Shelbyville IN PD (Flex)",
Tennessee Valley Authority Police,Tennessee Valley Authority Police,
Springfield FL PD,Springfield FL PD ,
Town of Rutherford College (NC),Town of Rutherford College (NC),
Pooler GA PD,Pooler GA PD,Powder Springs GA PD
Avery County NC SO,"Avery County NC SO Flex,Avery County NC SO",
Holly Hill FL PD,Holly Hill FL PD,
Fulton County Schools PD (GA),"Fulton County Schools PD (GA) - Wing LVI,Fulton County Schools GA South Campuses,Fulton County Schools GA North Campuses",Powder Springs GA PD
Gaston County NC PD,Gaston County NC PD,
Carroll County GA SO,Carroll County GA SO,Powder Springs GA PD
Cartersville GA PD,Cartersville GA PD,Powder Springs GA PD
Malvern AR PD,Malvern AR PD ,
Jonesborough PD TN,Jonesborough PD TN,
Polk County NC SO,Polk County NC SO,
Collegedale TN PD,Collegedale TN PD,Powder Springs GA PD
Liberty County GA SO,Liberty County GA SO ,Powder Springs GA PD
Avondale Estates GA PD,Avondale Estates GA PD,Powder Springs GA PD
Monon IN PD,Monon IN PD,
Sarasota FL PD,Sarasota FL PD,
Brent AL PD,Brent AL PD,
Monroe GA PD,Monroe GA PD,Powder Springs GA PD
AL - Daphne PD,Daphne PD (AL),
Prattville AL PD,Prattville AL PD,
Lee County SC SO,"Lee County SC SO (Flex),Lee County SC SO",
McMinnville TN PD,McMinnville TN PD,
Rock Hill SC PD,Rock Hill SC PD,
Colleton County SO (SC),Colleton County SO (SC),
Fairfield County SC SO,"Fairfield County SC SO (Flex),Fairfield County SC SO",
Justice IL PD,Justice IL PD,Powder Springs GA PD
Hamilton County TN SO,Hamilton County TN SO,Powder Springs GA PD
Garner NC PD,Garner NC PD,
Lake Park GA PD,Lake Park GA PD,Powder Springs GA PD
Miramar FL PD,Miramar FL PD,
Jefferson County MO SO,Jefferson County MO SO,
Winfield AL PD,Winfield AL PD,
Greenville County SC SO,Greenville County SC SO,Powder Springs GA PD
Gray GA PD ,Gray GA PD ,Powder Springs GA PD
Georgia Dept. of Corrections Intelligence Unit (GA),GA - Georgia Department of Corrections - Alscan,Powder Springs GA PD
Houston County GA SO,"Houston County GA SO,Houston County GA SO Flex",Powder Springs GA PD
Stanley NC PD,Stanley NC PD,
Loudon County TN SO,Loudon County TN SO,
Oxford GA PD,Oxford GA PD,Powder Springs GA PD
AL - Sylacauga PD,Sylacauga PD (AL),
Cleveland County NC SO ,Cleveland County NC SO ,
Elgin SC PD,Elgin SC PD,
Woodstock GA PD,"Woodstock GA PD,Woodstock GA PD - Wing (RedSpeed)",Powder Springs GA PD
Morgan County TN SO,Morgan County TN SO,
Holly Springs GA PD,Holly Springs GA PD ,Powder Springs GA PD
Carter County TN SO,Carter County TN SO,
Swainsboro GA PD,Swainsboro GA PD LPR,Powder Springs GA PD
Chatsworth GA PD,Chatsworth GA PD,Powder Springs GA PD
Easley SC PD,Easley SC PD,
Hazelwood MO PD,"Hazelwood MO PD (Flex),Hazelwood MO PD",
Greenville AL PD,"Greenville AL PD (Flex),Greenville AL PD",
Locust Grove GA PD,"Locust Grove GA PD,Locust Grove GA PD - Wing",Powder Springs GA PD
Greenville SC PD,"Greenville SC PD,GVL Mobile",
Georgia Southern University PD (GA),"Georgia Southern University PD (GA),Georgia Southern University PD (GA) Raven",Powder Springs GA PD
Decatur AL PD,Decatur AL PD,
Fulton County GA PD,Fulton County GA PD,Powder Springs GA PD
Dawson County GA SO,Dawson County GA SO,Powder Springs GA PD
Crossville TN PD,Crossville TN PD,
Irwin County GA SO,Irwin County GA SO,Powder Springs GA PD
Jefferson City TN PD,Jefferson City TN PD,
Banks County GA SO,Banks County GA SO,Powder Springs GA PD
Jefferson County TN SO,Jefferson County TN SO,
Dickson TN PD,Dickson TN PD,
Newnan GA PD,"Newnan GA PD - Gateway Video,Newnan GA PD",Powder Springs GA PD
Clinton TN PD,Clinton TN PD,Powder Springs GA PD
Mooresville NC PD,"Mooresville NC PD,Mooresville NC PD Condors",
Tarrant AL PD,Tarrant AL PD,
Madison AL PD,Madison AL PD,
Thomasville AL PD,Thomasville AL PD,
FL- Sanford PD,Sanford FL PD,
Richland County SC SO,Richland County SC SO,Powder Springs GA PD
Greenwood SC PD,Greenwood SC PD,
Hillsborough NC PD,Hillsborough NC PD,
Gwinnett County School PD,Gwinnett County School PD,Powder Springs GA PD
Collierville TN PD,"Collierville TN PD,Collierville TN PD FLEX",
Rockwood TN PD,Rockwood TN PD,
Erwin TN PD,Erwin PD Flex Cams (TN),
Dougherty County GA SO,Dougherty County GA SO (Condors),Powder Springs GA PD
Wellford SC PD,Wellford SC PD (Flex),
West Georgia Technical College (GA),West Georgia Technical College (GA),
Oak Lawn IL PD,Oak Lawn IL PD - Trailer,
Bay County FL SO,Bay County FL SO,
Alcoa TN PD,Alcoa TN PD,
Huntersville PD NC,Huntersville PD NC,
Fairmont NC PD,Fairmont NC PD,
Charleston SC PD,Charleston SC PD,
Butler Township OH PD,Butler Township OH PD,
Hendersonville NC PD,Hendersonville NC PD,
Asheville NC PD,Asheville NC PD ,
Pender County NC SO ,Pender County NC SO ,
Terre Haute IN PD,Terre Haute PD IN (Trailer),
Jacksonville Beach FL PD,Jacksonville Beach FL PD,
Tipton County TN SO,Tipton County TN SO,
Maryland Heights MO PD,"Maryland Heights MO PD,Maryland Heights Visitor Center (MO)",
Peotone IL PD ,Peotone IL PD ,
Richmond County GA SO,Richmond County GA SO,Powder Springs GA PD
Tuscaloosa County AL SO,Tuscaloosa County AL SO,Powder Springs GA PD
Alexander County NC SO,Alexander County NC SO,
Newport TN PD,Newport TN PD,
Waycross GA PD,Waycross GA PD,Powder Springs GA PD
Helen GA PD,Helen GA PD ,Powder Springs GA PD
Troy AL PD,Troy AL PD,
Burke County NC SO,Burke County NC SO,
Macon County AL SO,Macon County SO AL,
CSX Railroad PD,CSX Railroad TN PD,
Marta PD GA,Marta PD (GA),Powder Springs GA PD
Tift County GA SO,Tift County GA SO,Powder Springs GA PD
Palm Beach County FL SO,Palm Beach County FL SO,
Eufaula AL PD,Eufaula AL PD,
Georgia Gwinnett College PD,Georgia Gwinnett College PD,
White House TN PD,White House TN PD (LPR),
Baytown TX PD,Baytown TX PD ,
Cook County GA SO,Cook County GA SO ,Powder Springs GA PD
Town of Moreland GA,Town of Moreland GA,
Auburn GA PD ,Auburn GA PD,Powder Springs GA PD
Phenix City AL PD,Phenix City AL PD,Powder Springs GA PD
Houston County GA District Attorney's Office,"Houston County, Georgia",Powder Springs GA PD
Wrens GA PD,Wrens GA PD - RedSpeed,
Henderson County NC SO ,"Henderson County NC SO (Flex),Henderson County NC SO",Powder Springs GA PD
Thomson GA PD,Thomson GA PD,Powder Springs GA PD
Fort Walton Beach FL PD,"Fort Walton Beach FL PD (Flex),Fort Walton Beach FL PD",
Elizabethtown KY PD,Elizabethtown KY PD,
Marion NC PD,Marion NC PD,
Russellville AL PD,Russellville AL PD,
Fort Oglethorpe GA PD,Fort Oglethorpe GA PD,Powder Springs GA PD
Seneca SC PD,Seneca SC PD,
Largo FL PD,Largo FL PD,
Upson County GA SO,Upson County GA SO,Powder Springs GA PD
Talladega County AL SO,Talladega County AL SO,
Wilkes County GA SO,Wilkes County GA SO ,Powder Springs GA PD
East Ellijay GA PD ,East Ellijay GA PD ,Powder Springs GA PD
Watkinsville GA PD,Watkinsville GA PD,Powder Springs GA PD
Rockmart GA PD,Rockmart GA PD,Powder Springs GA PD
Pittsboro IN PD,Pittsboro IN PD,
St. Johns County FL SO,"St. Johns County FL SO (LR),St. Johns County FL SO",Powder Springs GA PD
Greer SC PD,Greer SC PD,
Jesup GA PD,Jesup PD (GA),Powder Springs GA PD
Walker County GA SO,"Walker County GA SO,Fort Worth HOA Demo",Powder Springs GA PD
Coles County IL SO ,"Coles County IL SO,Ashmore IL PD ",
Goose Creek SC PD ,Goose Creek SC PD ,
Davidson NC PD,"Town of Davidson NC - Wing Live,Davidson NC PD",
Ellijay GA PD,Ellijay GA PD,Powder Springs GA PD
Hoopeston IL PD ,Hoopeston IL PD ,
Jasper GA PD,Jasper GA PD,Powder Springs GA PD
Alabaster AL PD,Alabaster AL PD,
Attalla AL PD,Attalla AL PD,
Lineville AL PD,Lineville AL PD,
Akron OH PD,Akron OH PD,
Gwinnett County GA PD,"Gwinnett County GA PD,Gwinnett County GA PD - RedSpeed,Gwinnett County GA PD (LR),Gwinnett County GA PD RedSpd 2",Powder Springs GA PD
Hokes Bluff AL PD,Hokes Bluff AL PD,
Edgecombe County NC SO,Edgecombe County NC SO,
Georgia Bureau of Investigation (GBI),"Georgia Bureau of Investigation,Georgia Bureau of Investigation - Falcon Flex",Powder Springs GA PD
Rincon GA PD,Rincon GA PD,Powder Springs GA PD
Laurens County SC SO,Laurens County SC SO,
Leesburg AL PD,Leesburg AL PD,Powder Springs GA PD
South Daytona FL PD,South Daytona FL PD,
Richmond County NC SO,Richmond County NC SO,
Belpre OH PD,Belpre OH PD,
Seminole County GA SO,Seminole County GA SO,Powder Springs GA PD
Angier NC PD,Angier NC PD,
Orange County FL SO,Orange County FL SO,
Peachtree City GA PD,"Peachtree City GA PD,Peachtree City GA PD (Condor)",Powder Springs GA PD
Hanceville AL PD,Hanceville AL PD,
Clover SC PD,Clover SC PD,
Raleigh NC PD,Raleigh NC PD,
Dalton GA PD,"Dalton GA PD - Flex,Dalton GA PD",Powder Springs GA PD
Dahlonega GA PD,Dahlonega GA PD,Powder Springs GA PD
Omega GA PD ,Omega GA PD ,Powder Springs GA PD
Burlington NC PD,Burlington NC PD (Flex),
Adel GA PD ,Adel GA PD ,Powder Springs GA PD
Franklin IN PD,"Franklin IN PD (Flex),Franklin IN PD",
Irmo SC PD,Irmo SC PD,
Kingston Springs TN PD,Kingston Springs TN PD,
Waxhaw NC PD,Waxhaw NC PD,
Lafayette County MS SO,"Lafayette County MS SO,Lafayette County MS SO (Flex)",
Monterey TN PD,Monterey TN PD,
Monroe NC PD,Monroe NC PD,
Butner NC PD,Butner NC PD,
Glynn County GA PD ,Glynn County GA PD ,Powder Springs GA PD
Albertville AL PD,Albertville AL PD,
Macon County GA SO,Macon County GA SO,Powder Springs GA PD
Clarkston GA PD,Clarkston GA PD,Powder Springs GA PD
Apex NC PD,Apex NC PD,
Sardis City AL PD,Sardis City AL PD,
Troup County GA SO,Troup County GA SO,Powder Springs GA PD
Fuquay-Varina NC PD,Fuquay Varina NC PD,
Savannah State University PD ,Savannah State University ,
St. John Parish LA SO,St. John Parish LA SO,
Nolensville TN PD,Nolensville TN PD,
Homewood AL PD,Homewood AL PD*,
Lowndes County GA SO,Lowndes County GA SO ,Powder Springs GA PD
Blountsville AL PD,Blountsville AL PD,
Sikeston MO DPS,Sikeston MO PD,
University of North Carolina Charlotte (NC),University of North Carolina Charlotte (NC),
Barrow County GA SO,"Barrow County GA SO (Condor),Barrow County SO GA (Flex),Barrow County GA SO (Falcon),Barrow County GA SO - Wing Suite",Powder Springs GA PD
Heflin AL PD,Heflin AL PD,
Helena AL PD,Helena AL PD,
Franklin County GA SO,Franklin County GA SO,Powder Springs GA PD
Douglas County GA SO,Douglas County GA SO,Powder Springs GA PD
Cambridge City IN PD,Cambridge City IN PD,
Muscogee County GA SO,Muscogee County GA SO,Powder Springs GA PD
The Hermitage-GA,The Hermitage- GA,
Spartanburg SC PD,"Spartanburg SC PD (Flex),Spartanburg SC PD",
Dodge County GA SO,Dodge County GA SO,Powder Springs GA PD
Stephens County GA SO,Stephens County GA SO,Powder Springs GA PD
Country Walk (GA),Country Walk (GA),
Cobb County GA PD,"Cobb County GA PD - Flex,Cobb County GA PD,Cobb County Parks & Rec",Powder Springs GA PD
Coral Springs FL PD,Coral Springs FL PD,
Grantville GA PD,Grantville GA PD,Powder Springs GA PD
Lexington KY PD,Lexington KY PD,Powder Springs GA PD
Oxford AL PD,Oxford AL PD,Powder Springs GA PD
Lovejoy GA PD,Lovejoy GA PD ,Powder Springs GA PD
Garrard County KY SO,Garrard County KY SO,
Gulf County FL SO,Gulf County FL SO,
Crawfordsville IN PD,Crawfordsville IN PD,
Miami Gardens FL PD,Miami Gardens FL PD,
[Federal] US Postal Inspection Service,US Postal Inspection Service - Flex,Powder Springs GA PD
Florence AL PD,Florence AL PD,
Richmond Hill GA PD,Richmond Hill GA PD,Powder Springs GA PD
Simpsonville SC PD,Simpsonville SC PD,
North Myrtle Beach SC PD,North Myrtle Beach SC PD,
Catawba Nation Tribal SC PD ,Catawba Nation Tribal SC PD ,
Auburn AL PD,Auburn AL PD,
Columbiana AL PD,Columbiana AL PD,
Pike County GA SO,Pike County GA SO,
Moncks Corner SC PD,Moncks Corner SC PD,
Gilmer County GA SO,Gilmer County GA SO (Live Video) ,Powder Springs GA PD
Center Point AL PD,Center Point AL,
Hickory NC PD,Hickory PD (NC),
Middle Tennessee State TN PD ,Middle Tennessee State TN PD ,
Oviedo FL PD,Oviedo FL PD,
Double Springs AL PD,Double Springs AL PD,
Algood TN PD,Algood TN PD,
Valdosta State University GA PD,Valdosta State Univ GA PD,Powder Springs GA PD
Shelby County IN SO,Shelby County IN SO,
Montevallo AL PD,Montevallo AL PD,
Woodbury GA PD,Woodbury GA PD,Powder Springs GA PD
Sylvania GA PD,Sylvania GA PD,Powder Springs GA PD
Stephen Johnston - Flock Demo Network,Stephen Johnston - Demo,
Steele AL PD,Steele AL PD,
Ludowici GA PD,City of Ludowici,Powder Springs GA PD
Walters State Community College TN Campus PD,Walters State Community College TN Campus PD,
Fulton MS PD,Fulton MS PD,
Blount County TN SO,Blount County TN SO,
Licking County OH SO,Licking County OH SO,
Belmont NC PD,Belmont NC PD,
McCaysville GA PD,McCaysville GA PD,Powder Springs GA PD
AL - Jacksonville State University Campus PD,Jacksonville State University Campus PD (AL),
Jacksonville AL PD,Jacksonville AL PD,
Cobb County GA SO,Cobb County GA SO,Powder Springs GA PD
Buford City Schools GA,"Buford, GA - City Schools",Powder Springs GA PD
Brighton AL PD,Brighton AL PD,
Turin GA PD,Town of Turin (GA),
AL - Gadsden PD,Gadsden PD (AL),
Irondale AL PD,Irondale AL PD,
Pocahontas AR PD,Pocahontas AR PD,
Reynolds GA PD,Reynolds GA PD,Powder Springs GA PD
Mattoon IL PD,Mattoon IL PD,
Lynn Haven FL PD,Lynn Haven FL PD,
Morristown TN PD,Morristown TN PD,
Falcon Flex Demo,Independence KY PD (Flex),
Middle Georgia State University Campus PD,Middle Georgia State University Campus PD,Powder Springs GA PD
Hart County GA SO,Hart County GA SO,Powder Springs GA PD
Stillmore GA PD,Stillmore GA PD - Wing,
Deactivated,Shelby County AL SO Condors (DNU),
Sparta GA PD,Sparta GA PD,Powder Springs GA PD
Hogansville GA PD,Hogansville GA PD,Powder Springs GA PD
Fort Wayne IN PD ,Fort Wayne PD (IN),
Trumann AR PD,Trumann AR PD,
Oconee County SC SO,Oconee County SC SO,
Sweetwater TN PD,Sweetwater TN PD,
Howard County IN SO,IN - Howard County SO,
Pittsfield IL PD ,Pittsfield IL PD ,
Jackson MS PD,Jackson MS PD,
Hampton GA PD,Hampton GA PD,Powder Springs GA PD
Tapp Farm (GA),Tapp Farm (GA),
Henderson KY PD,Henderson KY PD,
Darlington County SC SO,Darlington County SC SO,
Chatham IL PD,,Powder Springs GA PD
South Carolina Law Enforcement Division - SLED,,Powder Springs GA PD
Sheridan AR PD,,Powder Springs GA PD
Shelby County KY SO,,Powder Springs GA PD
MOCIC ,,Powder Springs GA PD
West Des Moines IA PD,,Powder Springs GA PD
Winterville GA PD,,Powder Springs GA PD
Hopkinsville KY PD,,Powder Springs GA PD
Talbot County GA SO,,Powder Springs GA PD
Onondaga County NY SO ,,Powder Springs GA PD
New York State Police NY,,Powder Springs GA PD
Cherokee County GA DA,,Powder Springs GA PD
Douglas County CO SO,,Powder Springs GA PD
WI Department of Justice,,Powder Springs GA PD
Monroe County TN SO,,Powder Springs GA PD
Fairfield PD - OH ,,Powder Springs GA PD
Dekalb County GA DOT,,Powder Springs GA PD
Appling County GA SO,,Powder Springs GA PD
Glynn County GA SO,,Powder Springs GA PD
GA - MCS/OCU/Intelligence,,Powder Springs GA PD
Clark Atlanta University GA PD,,Powder Springs GA PD
Wyoming OH PD,,Powder Springs GA PD
Buford GA Department of Public Safety,,Powder Springs GA PD
Gwinnett County DAs Office,,Powder Springs GA PD
Cornelia GA PD,,Powder Springs GA PD
Georgia State Patrol GA PD,,Powder Springs GA PD
Camden County GA SO,,Powder Springs GA PD
Oxford PD - OH,,Powder Springs GA PD
Thunderbolt GA PD,,Powder Springs GA PD
Franklin County FL SO,,Powder Springs GA PD
Danville KY PD,,Powder Springs GA PD
West Chester OH PD,,Powder Springs GA PD
Monroe OH PD,,Powder Springs GA PD
Wilmore KY PD,,Powder Springs GA PD
Eaton OH PD,,Powder Springs GA PD
Madeira OH PD,,Powder Springs GA PD
Mercer County OH SO,,Powder Springs GA PD
Trenton OH PD,,Powder Springs GA PD
OH - Butler County SO,,Powder Springs GA PD
Clayton GA PD,,Powder Springs GA PD
Greensboro GA PD ,,Powder Springs GA PD
[Federal] US Park Police - Chattahoochee River NRA,,Powder Springs GA PD
Manchester GA PD,,Powder Springs GA PD
Powder Springs GA PD,,Powder Springs GA PD
Erlanger KY PD,,Powder Springs GA PD
Golf Manor OH PD,,Powder Springs GA PD
Clay County GA SO ,,Powder Springs GA PD
Truett McConnell University GA Campus PD,,Powder Springs GA PD
Amberley Village OH PD,,Powder Springs GA PD
Lakeside Park-Crestview Hills KY PD,,Powder Springs GA PD
Altoona IA PD,,Powder Springs GA PD
Putnam County FL SO,,Powder Springs GA PD
Butler GA PD,,Powder Springs GA PD